,threshold,infected_agents
0,0.125,113
1,0.125,147
2,0.125,174
3,0.125,192
4,0.125,205
5,0.125,214
6,0.125,218
7,0.125,226
8,0.125,234
9,0.125,241
10,0.125,243
11,0.125,245
12,0.125,247
13,0.125,247
14,0.125,168
15,0.125,162
16,0.125,159
17,0.125,165
18,0.125,176
19,0.125,187
20,0.125,202
21,0.125,210
22,0.125,210
23,0.125,216
24,0.125,222
25,0.125,230
26,0.125,232
27,0.125,235
28,0.125,213
29,0.125,197
30,0.125,192
31,0.125,188
32,0.125,184
33,0.125,182
34,0.125,187
35,0.125,186
36,0.125,194
37,0.125,194
38,0.125,201
39,0.125,200
40,0.125,213
41,0.125,223
42,0.125,222
43,0.125,219
44,0.125,207
45,0.125,203
46,0.125,191
47,0.125,190
48,0.125,178
49,0.125,180
50,0.125,186
51,0.125,186
52,0.125,187
53,0.125,192
54,0.125,189
55,0.125,190
56,0.125,191
57,0.125,203
58,0.125,208
59,0.125,202
60,0.125,206
61,0.125,200
62,0.125,196
63,0.125,193
64,0.125,192
65,0.125,195
66,0.125,198
67,0.125,198
68,0.125,201
69,0.125,202
70,0.125,205
71,0.125,194
72,0.125,198
73,0.125,203
74,0.125,209
75,0.125,210
76,0.125,212
77,0.125,210
78,0.125,204
79,0.125,205
80,0.125,201
81,0.125,197
82,0.125,191
83,0.125,188
84,0.125,187
85,0.125,187
86,0.125,185
87,0.125,187
88,0.125,187
89,0.125,194
90,0.125,204
91,0.125,204
92,0.125,201
93,0.125,192
94,0.125,190
95,0.125,187
96,0.125,192
97,0.125,191
98,0.125,190
99,0.125,191
100,0.125,191
101,0.125,187
102,0.125,188
103,0.125,184
104,0.125,186
105,0.125,196
106,0.125,201
107,0.125,208
108,0.125,203
109,0.125,208
110,0.125,200
111,0.125,202
112,0.125,204
113,0.125,208
114,0.125,204
115,0.125,204
116,0.125,202
117,0.125,208
118,0.125,200
119,0.125,194
120,0.125,191
121,0.125,195
122,0.125,202
123,0.125,202
124,0.125,204
125,0.125,207
126,0.125,206
127,0.125,201
128,0.125,205
129,0.125,209
130,0.125,197
131,0.125,195
132,0.125,200
133,0.125,201
134,0.125,201
135,0.125,193
136,0.125,190
137,0.125,194
138,0.125,199
139,0.125,196
140,0.125,193
141,0.125,196
142,0.125,201
143,0.125,200
144,0.125,209
145,0.125,204
146,0.125,199
147,0.125,194
148,0.125,192
149,0.125,202
150,0.125,202
151,0.125,113
152,0.125,147
153,0.125,174
154,0.125,192
155,0.125,205
156,0.125,214
157,0.125,218
158,0.125,226
159,0.125,234
160,0.125,241
161,0.125,243
162,0.125,245
163,0.125,247
164,0.125,247
165,0.125,168
166,0.125,162
167,0.125,159
168,0.125,165
169,0.125,176
170,0.125,187
171,0.125,202
172,0.125,210
173,0.125,210
174,0.125,216
175,0.125,222
176,0.125,230
177,0.125,232
178,0.125,235
179,0.125,213
180,0.125,197
181,0.125,192
182,0.125,188
183,0.125,184
184,0.125,182
185,0.125,187
186,0.125,186
187,0.125,194
188,0.125,194
189,0.125,201
190,0.125,200
191,0.125,213
192,0.125,223
193,0.125,222
194,0.125,219
195,0.125,207
196,0.125,203
197,0.125,191
198,0.125,190
199,0.125,178
200,0.125,180
201,0.125,186
202,0.125,186
203,0.125,187
204,0.125,192
205,0.125,189
206,0.125,190
207,0.125,191
208,0.125,203
209,0.125,208
210,0.125,202
211,0.125,206
212,0.125,200
213,0.125,196
214,0.125,193
215,0.125,192
216,0.125,195
217,0.125,198
218,0.125,198
219,0.125,201
220,0.125,202
221,0.125,205
222,0.125,194
223,0.125,198
224,0.125,203
225,0.125,209
226,0.125,210
227,0.125,212
228,0.125,210
229,0.125,204
230,0.125,205
231,0.125,201
232,0.125,197
233,0.125,191
234,0.125,188
235,0.125,187
236,0.125,187
237,0.125,185
238,0.125,187
239,0.125,187
240,0.125,194
241,0.125,204
242,0.125,204
243,0.125,201
244,0.125,192
245,0.125,190
246,0.125,187
247,0.125,192
248,0.125,191
249,0.125,190
250,0.125,191
251,0.125,191
252,0.125,187
253,0.125,188
254,0.125,184
255,0.125,186
256,0.125,196
257,0.125,201
258,0.125,208
259,0.125,203
260,0.125,208
261,0.125,200
262,0.125,202
263,0.125,204
264,0.125,208
265,0.125,204
266,0.125,204
267,0.125,202
268,0.125,208
269,0.125,200
270,0.125,194
271,0.125,191
272,0.125,195
273,0.125,202
274,0.125,202
275,0.125,204
276,0.125,207
277,0.125,206
278,0.125,201
279,0.125,205
280,0.125,209
281,0.125,197
282,0.125,195
283,0.125,200
284,0.125,201
285,0.125,201
286,0.125,193
287,0.125,190
288,0.125,194
289,0.125,199
290,0.125,196
291,0.125,193
292,0.125,196
293,0.125,201
294,0.125,200
295,0.125,209
296,0.125,204
297,0.125,199
298,0.125,194
299,0.125,192
300,0.125,202
301,0.125,202
302,0.125,113
303,0.125,147
304,0.125,174
305,0.125,192
306,0.125,205
307,0.125,214
308,0.125,218
309,0.125,226
310,0.125,234
311,0.125,241
312,0.125,243
313,0.125,245
314,0.125,247
315,0.125,247
316,0.125,168
317,0.125,162
318,0.125,159
319,0.125,165
320,0.125,176
321,0.125,187
322,0.125,202
323,0.125,210
324,0.125,210
325,0.125,216
326,0.125,222
327,0.125,230
328,0.125,232
329,0.125,235
330,0.125,213
331,0.125,197
332,0.125,192
333,0.125,188
334,0.125,184
335,0.125,182
336,0.125,187
337,0.125,186
338,0.125,194
339,0.125,194
340,0.125,201
341,0.125,200
342,0.125,213
343,0.125,223
344,0.125,222
345,0.125,219
346,0.125,207
347,0.125,203
348,0.125,191
349,0.125,190
350,0.125,178
351,0.125,180
352,0.125,186
353,0.125,186
354,0.125,187
355,0.125,192
356,0.125,189
357,0.125,190
358,0.125,191
359,0.125,203
360,0.125,208
361,0.125,202
362,0.125,206
363,0.125,200
364,0.125,196
365,0.125,193
366,0.125,192
367,0.125,195
368,0.125,198
369,0.125,198
370,0.125,201
371,0.125,202
372,0.125,205
373,0.125,194
374,0.125,198
375,0.125,203
376,0.125,209
377,0.125,210
378,0.125,212
379,0.125,210
380,0.125,204
381,0.125,205
382,0.125,201
383,0.125,197
384,0.125,191
385,0.125,188
386,0.125,187
387,0.125,187
388,0.125,185
389,0.125,187
390,0.125,187
391,0.125,194
392,0.125,204
393,0.125,204
394,0.125,201
395,0.125,192
396,0.125,190
397,0.125,187
398,0.125,192
399,0.125,191
400,0.125,190
401,0.125,191
402,0.125,191
403,0.125,187
404,0.125,188
405,0.125,184
406,0.125,186
407,0.125,196
408,0.125,201
409,0.125,208
410,0.125,203
411,0.125,208
412,0.125,200
413,0.125,202
414,0.125,204
415,0.125,208
416,0.125,204
417,0.125,204
418,0.125,202
419,0.125,208
420,0.125,200
421,0.125,194
422,0.125,191
423,0.125,195
424,0.125,202
425,0.125,202
426,0.125,204
427,0.125,207
428,0.125,206
429,0.125,201
430,0.125,205
431,0.125,209
432,0.125,197
433,0.125,195
434,0.125,200
435,0.125,201
436,0.125,201
437,0.125,193
438,0.125,190
439,0.125,194
440,0.125,199
441,0.125,196
442,0.125,193
443,0.125,196
444,0.125,201
445,0.125,200
446,0.125,209
447,0.125,204
448,0.125,199
449,0.125,194
450,0.125,192
451,0.125,202
452,0.125,202
453,0.125,113
454,0.125,147
455,0.125,174
456,0.125,192
457,0.125,205
458,0.125,214
459,0.125,218
460,0.125,226
461,0.125,234
462,0.125,241
463,0.125,243
464,0.125,245
465,0.125,247
466,0.125,247
467,0.125,168
468,0.125,162
469,0.125,159
470,0.125,165
471,0.125,176
472,0.125,187
473,0.125,202
474,0.125,210
475,0.125,210
476,0.125,216
477,0.125,222
478,0.125,230
479,0.125,232
480,0.125,235
481,0.125,213
482,0.125,197
483,0.125,192
484,0.125,188
485,0.125,184
486,0.125,182
487,0.125,187
488,0.125,186
489,0.125,194
490,0.125,194
491,0.125,201
492,0.125,200
493,0.125,213
494,0.125,223
495,0.125,222
496,0.125,219
497,0.125,207
498,0.125,203
499,0.125,191
500,0.125,190
501,0.125,178
502,0.125,180
503,0.125,186
504,0.125,186
505,0.125,187
506,0.125,192
507,0.125,189
508,0.125,190
509,0.125,191
510,0.125,203
511,0.125,208
512,0.125,202
513,0.125,206
514,0.125,200
515,0.125,196
516,0.125,193
517,0.125,192
518,0.125,195
519,0.125,198
520,0.125,198
521,0.125,201
522,0.125,202
523,0.125,205
524,0.125,194
525,0.125,198
526,0.125,203
527,0.125,209
528,0.125,210
529,0.125,212
530,0.125,210
531,0.125,204
532,0.125,205
533,0.125,201
534,0.125,197
535,0.125,191
536,0.125,188
537,0.125,187
538,0.125,187
539,0.125,185
540,0.125,187
541,0.125,187
542,0.125,194
543,0.125,204
544,0.125,204
545,0.125,201
546,0.125,192
547,0.125,190
548,0.125,187
549,0.125,192
550,0.125,191
551,0.125,190
552,0.125,191
553,0.125,191
554,0.125,187
555,0.125,188
556,0.125,184
557,0.125,186
558,0.125,196
559,0.125,201
560,0.125,208
561,0.125,203
562,0.125,208
563,0.125,200
564,0.125,202
565,0.125,204
566,0.125,208
567,0.125,204
568,0.125,204
569,0.125,202
570,0.125,208
571,0.125,200
572,0.125,194
573,0.125,191
574,0.125,195
575,0.125,202
576,0.125,202
577,0.125,204
578,0.125,207
579,0.125,206
580,0.125,201
581,0.125,205
582,0.125,209
583,0.125,197
584,0.125,195
585,0.125,200
586,0.125,201
587,0.125,201
588,0.125,193
589,0.125,190
590,0.125,194
591,0.125,199
592,0.125,196
593,0.125,193
594,0.125,196
595,0.125,201
596,0.125,200
597,0.125,209
598,0.125,204
599,0.125,199
600,0.125,194
601,0.125,192
602,0.125,202
603,0.125,202
604,0.125,113
605,0.125,147
606,0.125,174
607,0.125,192
608,0.125,205
609,0.125,214
610,0.125,218
611,0.125,226
612,0.125,234
613,0.125,241
614,0.125,243
615,0.125,245
616,0.125,247
617,0.125,247
618,0.125,168
619,0.125,162
620,0.125,159
621,0.125,165
622,0.125,176
623,0.125,187
624,0.125,202
625,0.125,210
626,0.125,210
627,0.125,216
628,0.125,222
629,0.125,230
630,0.125,232
631,0.125,235
632,0.125,213
633,0.125,197
634,0.125,192
635,0.125,188
636,0.125,184
637,0.125,182
638,0.125,187
639,0.125,186
640,0.125,194
641,0.125,194
642,0.125,201
643,0.125,200
644,0.125,213
645,0.125,223
646,0.125,222
647,0.125,219
648,0.125,207
649,0.125,203
650,0.125,191
651,0.125,190
652,0.125,178
653,0.125,180
654,0.125,186
655,0.125,186
656,0.125,187
657,0.125,192
658,0.125,189
659,0.125,190
660,0.125,191
661,0.125,203
662,0.125,208
663,0.125,202
664,0.125,206
665,0.125,200
666,0.125,196
667,0.125,193
668,0.125,192
669,0.125,195
670,0.125,198
671,0.125,198
672,0.125,201
673,0.125,202
674,0.125,205
675,0.125,194
676,0.125,198
677,0.125,203
678,0.125,209
679,0.125,210
680,0.125,212
681,0.125,210
682,0.125,204
683,0.125,205
684,0.125,201
685,0.125,197
686,0.125,191
687,0.125,188
688,0.125,187
689,0.125,187
690,0.125,185
691,0.125,187
692,0.125,187
693,0.125,194
694,0.125,204
695,0.125,204
696,0.125,201
697,0.125,192
698,0.125,190
699,0.125,187
700,0.125,192
701,0.125,191
702,0.125,190
703,0.125,191
704,0.125,191
705,0.125,187
706,0.125,188
707,0.125,184
708,0.125,186
709,0.125,196
710,0.125,201
711,0.125,208
712,0.125,203
713,0.125,208
714,0.125,200
715,0.125,202
716,0.125,204
717,0.125,208
718,0.125,204
719,0.125,204
720,0.125,202
721,0.125,208
722,0.125,200
723,0.125,194
724,0.125,191
725,0.125,195
726,0.125,202
727,0.125,202
728,0.125,204
729,0.125,207
730,0.125,206
731,0.125,201
732,0.125,205
733,0.125,209
734,0.125,197
735,0.125,195
736,0.125,200
737,0.125,201
738,0.125,201
739,0.125,193
740,0.125,190
741,0.125,194
742,0.125,199
743,0.125,196
744,0.125,193
745,0.125,196
746,0.125,201
747,0.125,200
748,0.125,209
749,0.125,204
750,0.125,199
751,0.125,194
752,0.125,192
753,0.125,202
754,0.125,202
755,0.25,113
756,0.25,147
757,0.25,172
758,0.25,190
759,0.25,201
760,0.25,211
761,0.25,219
762,0.25,226
763,0.25,232
764,0.25,238
765,0.25,240
766,0.25,244
767,0.25,245
768,0.25,247
769,0.25,166
770,0.25,162
771,0.25,159
772,0.25,166
773,0.25,177
774,0.25,183
775,0.25,197
776,0.25,207
777,0.25,208
778,0.25,209
779,0.25,223
780,0.25,227
781,0.25,228
782,0.25,233
783,0.25,211
784,0.25,199
785,0.25,194
786,0.25,186
787,0.25,187
788,0.25,188
789,0.25,184
790,0.25,195
791,0.25,199
792,0.25,209
793,0.25,202
794,0.25,202
795,0.25,211
796,0.25,214
797,0.25,212
798,0.25,204
799,0.25,202
800,0.25,202
801,0.25,196
802,0.25,192
803,0.25,191
804,0.25,181
805,0.25,188
806,0.25,190
807,0.25,191
808,0.25,192
809,0.25,195
810,0.25,199
811,0.25,203
812,0.25,204
813,0.25,202
814,0.25,203
815,0.25,200
816,0.25,197
817,0.25,191
818,0.25,195
819,0.25,194
820,0.25,193
821,0.25,200
822,0.25,204
823,0.25,205
824,0.25,209
825,0.25,212
826,0.25,211
827,0.25,211
828,0.25,208
829,0.25,205
830,0.25,206
831,0.25,211
832,0.25,205
833,0.25,208
834,0.25,207
835,0.25,205
836,0.25,203
837,0.25,198
838,0.25,194
839,0.25,196
840,0.25,203
841,0.25,208
842,0.25,207
843,0.25,212
844,0.25,212
845,0.25,206
846,0.25,204
847,0.25,196
848,0.25,196
849,0.25,191
850,0.25,196
851,0.25,199
852,0.25,202
853,0.25,202
854,0.25,193
855,0.25,192
856,0.25,193
857,0.25,198
858,0.25,197
859,0.25,201
860,0.25,199
861,0.25,206
862,0.25,200
863,0.25,204
864,0.25,206
865,0.25,202
866,0.25,196
867,0.25,194
868,0.25,201
869,0.25,194
870,0.25,198
871,0.25,196
872,0.25,197
873,0.25,195
874,0.25,198
875,0.25,200
876,0.25,201
877,0.25,203
878,0.25,201
879,0.25,211
880,0.25,209
881,0.25,210
882,0.25,214
883,0.25,212
884,0.25,205
885,0.25,206
886,0.25,209
887,0.25,210
888,0.25,205
889,0.25,195
890,0.25,191
891,0.25,193
892,0.25,197
893,0.25,200
894,0.25,202
895,0.25,203
896,0.25,198
897,0.25,199
898,0.25,199
899,0.25,199
900,0.25,202
901,0.25,199
902,0.25,204
903,0.25,203
904,0.25,209
905,0.25,204
906,0.25,113
907,0.25,147
908,0.25,172
909,0.25,190
910,0.25,201
911,0.25,211
912,0.25,219
913,0.25,226
914,0.25,232
915,0.25,238
916,0.25,240
917,0.25,244
918,0.25,245
919,0.25,247
920,0.25,166
921,0.25,162
922,0.25,159
923,0.25,166
924,0.25,177
925,0.25,183
926,0.25,197
927,0.25,207
928,0.25,208
929,0.25,209
930,0.25,223
931,0.25,227
932,0.25,228
933,0.25,233
934,0.25,211
935,0.25,199
936,0.25,194
937,0.25,186
938,0.25,187
939,0.25,188
940,0.25,184
941,0.25,195
942,0.25,199
943,0.25,209
944,0.25,202
945,0.25,202
946,0.25,211
947,0.25,214
948,0.25,212
949,0.25,204
950,0.25,202
951,0.25,202
952,0.25,196
953,0.25,192
954,0.25,191
955,0.25,181
956,0.25,188
957,0.25,190
958,0.25,191
959,0.25,192
960,0.25,195
961,0.25,199
962,0.25,203
963,0.25,204
964,0.25,202
965,0.25,203
966,0.25,200
967,0.25,197
968,0.25,191
969,0.25,195
970,0.25,194
971,0.25,193
972,0.25,200
973,0.25,204
974,0.25,205
975,0.25,209
976,0.25,212
977,0.25,211
978,0.25,211
979,0.25,208
980,0.25,205
981,0.25,206
982,0.25,211
983,0.25,205
984,0.25,208
985,0.25,207
986,0.25,205
987,0.25,203
988,0.25,198
989,0.25,194
990,0.25,196
991,0.25,203
992,0.25,208
993,0.25,207
994,0.25,212
995,0.25,212
996,0.25,206
997,0.25,204
998,0.25,196
999,0.25,196
1000,0.25,191
1001,0.25,196
1002,0.25,199
1003,0.25,202
1004,0.25,202
1005,0.25,193
1006,0.25,192
1007,0.25,193
1008,0.25,198
1009,0.25,197
1010,0.25,201
1011,0.25,199
1012,0.25,206
1013,0.25,200
1014,0.25,204
1015,0.25,206
1016,0.25,202
1017,0.25,196
1018,0.25,194
1019,0.25,201
1020,0.25,194
1021,0.25,198
1022,0.25,196
1023,0.25,197
1024,0.25,195
1025,0.25,198
1026,0.25,200
1027,0.25,201
1028,0.25,203
1029,0.25,201
1030,0.25,211
1031,0.25,209
1032,0.25,210
1033,0.25,214
1034,0.25,212
1035,0.25,205
1036,0.25,206
1037,0.25,209
1038,0.25,210
1039,0.25,205
1040,0.25,195
1041,0.25,191
1042,0.25,193
1043,0.25,197
1044,0.25,200
1045,0.25,202
1046,0.25,203
1047,0.25,198
1048,0.25,199
1049,0.25,199
1050,0.25,199
1051,0.25,202
1052,0.25,199
1053,0.25,204
1054,0.25,203
1055,0.25,209
1056,0.25,204
1057,0.25,113
1058,0.25,147
1059,0.25,172
1060,0.25,190
1061,0.25,201
1062,0.25,211
1063,0.25,219
1064,0.25,226
1065,0.25,232
1066,0.25,238
1067,0.25,240
1068,0.25,244
1069,0.25,245
1070,0.25,247
1071,0.25,166
1072,0.25,162
1073,0.25,159
1074,0.25,166
1075,0.25,177
1076,0.25,183
1077,0.25,197
1078,0.25,207
1079,0.25,208
1080,0.25,209
1081,0.25,223
1082,0.25,227
1083,0.25,228
1084,0.25,233
1085,0.25,211
1086,0.25,199
1087,0.25,194
1088,0.25,186
1089,0.25,187
1090,0.25,188
1091,0.25,184
1092,0.25,195
1093,0.25,199
1094,0.25,209
1095,0.25,202
1096,0.25,202
1097,0.25,211
1098,0.25,214
1099,0.25,212
1100,0.25,204
1101,0.25,202
1102,0.25,202
1103,0.25,196
1104,0.25,192
1105,0.25,191
1106,0.25,181
1107,0.25,188
1108,0.25,190
1109,0.25,191
1110,0.25,192
1111,0.25,195
1112,0.25,199
1113,0.25,203
1114,0.25,204
1115,0.25,202
1116,0.25,203
1117,0.25,200
1118,0.25,197
1119,0.25,191
1120,0.25,195
1121,0.25,194
1122,0.25,193
1123,0.25,200
1124,0.25,204
1125,0.25,205
1126,0.25,209
1127,0.25,212
1128,0.25,211
1129,0.25,211
1130,0.25,208
1131,0.25,205
1132,0.25,206
1133,0.25,211
1134,0.25,205
1135,0.25,208
1136,0.25,207
1137,0.25,205
1138,0.25,203
1139,0.25,198
1140,0.25,194
1141,0.25,196
1142,0.25,203
1143,0.25,208
1144,0.25,207
1145,0.25,212
1146,0.25,212
1147,0.25,206
1148,0.25,204
1149,0.25,196
1150,0.25,196
1151,0.25,191
1152,0.25,196
1153,0.25,199
1154,0.25,202
1155,0.25,202
1156,0.25,193
1157,0.25,192
1158,0.25,193
1159,0.25,198
1160,0.25,197
1161,0.25,201
1162,0.25,199
1163,0.25,206
1164,0.25,200
1165,0.25,204
1166,0.25,206
1167,0.25,202
1168,0.25,196
1169,0.25,194
1170,0.25,201
1171,0.25,194
1172,0.25,198
1173,0.25,196
1174,0.25,197
1175,0.25,195
1176,0.25,198
1177,0.25,200
1178,0.25,201
1179,0.25,203
1180,0.25,201
1181,0.25,211
1182,0.25,209
1183,0.25,210
1184,0.25,214
1185,0.25,212
1186,0.25,205
1187,0.25,206
1188,0.25,209
1189,0.25,210
1190,0.25,205
1191,0.25,195
1192,0.25,191
1193,0.25,193
1194,0.25,197
1195,0.25,200
1196,0.25,202
1197,0.25,203
1198,0.25,198
1199,0.25,199
1200,0.25,199
1201,0.25,199
1202,0.25,202
1203,0.25,199
1204,0.25,204
1205,0.25,203
1206,0.25,209
1207,0.25,204
1208,0.25,113
1209,0.25,147
1210,0.25,172
1211,0.25,190
1212,0.25,201
1213,0.25,211
1214,0.25,219
1215,0.25,226
1216,0.25,232
1217,0.25,238
1218,0.25,240
1219,0.25,244
1220,0.25,245
1221,0.25,247
1222,0.25,166
1223,0.25,162
1224,0.25,159
1225,0.25,166
1226,0.25,177
1227,0.25,183
1228,0.25,197
1229,0.25,207
1230,0.25,208
1231,0.25,209
1232,0.25,223
1233,0.25,227
1234,0.25,228
1235,0.25,233
1236,0.25,211
1237,0.25,199
1238,0.25,194
1239,0.25,186
1240,0.25,187
1241,0.25,188
1242,0.25,184
1243,0.25,195
1244,0.25,199
1245,0.25,209
1246,0.25,202
1247,0.25,202
1248,0.25,211
1249,0.25,214
1250,0.25,212
1251,0.25,204
1252,0.25,202
1253,0.25,202
1254,0.25,196
1255,0.25,192
1256,0.25,191
1257,0.25,181
1258,0.25,188
1259,0.25,190
1260,0.25,191
1261,0.25,192
1262,0.25,195
1263,0.25,199
1264,0.25,203
1265,0.25,204
1266,0.25,202
1267,0.25,203
1268,0.25,200
1269,0.25,197
1270,0.25,191
1271,0.25,195
1272,0.25,194
1273,0.25,193
1274,0.25,200
1275,0.25,204
1276,0.25,205
1277,0.25,209
1278,0.25,212
1279,0.25,211
1280,0.25,211
1281,0.25,208
1282,0.25,205
1283,0.25,206
1284,0.25,211
1285,0.25,205
1286,0.25,208
1287,0.25,207
1288,0.25,205
1289,0.25,203
1290,0.25,198
1291,0.25,194
1292,0.25,196
1293,0.25,203
1294,0.25,208
1295,0.25,207
1296,0.25,212
1297,0.25,212
1298,0.25,206
1299,0.25,204
1300,0.25,196
1301,0.25,196
1302,0.25,191
1303,0.25,196
1304,0.25,199
1305,0.25,202
1306,0.25,202
1307,0.25,193
1308,0.25,192
1309,0.25,193
1310,0.25,198
1311,0.25,197
1312,0.25,201
1313,0.25,199
1314,0.25,206
1315,0.25,200
1316,0.25,204
1317,0.25,206
1318,0.25,202
1319,0.25,196
1320,0.25,194
1321,0.25,201
1322,0.25,194
1323,0.25,198
1324,0.25,196
1325,0.25,197
1326,0.25,195
1327,0.25,198
1328,0.25,200
1329,0.25,201
1330,0.25,203
1331,0.25,201
1332,0.25,211
1333,0.25,209
1334,0.25,210
1335,0.25,214
1336,0.25,212
1337,0.25,205
1338,0.25,206
1339,0.25,209
1340,0.25,210
1341,0.25,205
1342,0.25,195
1343,0.25,191
1344,0.25,193
1345,0.25,197
1346,0.25,200
1347,0.25,202
1348,0.25,203
1349,0.25,198
1350,0.25,199
1351,0.25,199
1352,0.25,199
1353,0.25,202
1354,0.25,199
1355,0.25,204
1356,0.25,203
1357,0.25,209
1358,0.25,204
1359,0.25,113
1360,0.25,147
1361,0.25,172
1362,0.25,190
1363,0.25,201
1364,0.25,211
1365,0.25,219
1366,0.25,226
1367,0.25,232
1368,0.25,238
1369,0.25,240
1370,0.25,244
1371,0.25,245
1372,0.25,247
1373,0.25,166
1374,0.25,162
1375,0.25,159
1376,0.25,166
1377,0.25,177
1378,0.25,183
1379,0.25,197
1380,0.25,207
1381,0.25,208
1382,0.25,209
1383,0.25,223
1384,0.25,227
1385,0.25,228
1386,0.25,233
1387,0.25,211
1388,0.25,199
1389,0.25,194
1390,0.25,186
1391,0.25,187
1392,0.25,188
1393,0.25,184
1394,0.25,195
1395,0.25,199
1396,0.25,209
1397,0.25,202
1398,0.25,202
1399,0.25,211
1400,0.25,214
1401,0.25,212
1402,0.25,204
1403,0.25,202
1404,0.25,202
1405,0.25,196
1406,0.25,192
1407,0.25,191
1408,0.25,181
1409,0.25,188
1410,0.25,190
1411,0.25,191
1412,0.25,192
1413,0.25,195
1414,0.25,199
1415,0.25,203
1416,0.25,204
1417,0.25,202
1418,0.25,203
1419,0.25,200
1420,0.25,197
1421,0.25,191
1422,0.25,195
1423,0.25,194
1424,0.25,193
1425,0.25,200
1426,0.25,204
1427,0.25,205
1428,0.25,209
1429,0.25,212
1430,0.25,211
1431,0.25,211
1432,0.25,208
1433,0.25,205
1434,0.25,206
1435,0.25,211
1436,0.25,205
1437,0.25,208
1438,0.25,207
1439,0.25,205
1440,0.25,203
1441,0.25,198
1442,0.25,194
1443,0.25,196
1444,0.25,203
1445,0.25,208
1446,0.25,207
1447,0.25,212
1448,0.25,212
1449,0.25,206
1450,0.25,204
1451,0.25,196
1452,0.25,196
1453,0.25,191
1454,0.25,196
1455,0.25,199
1456,0.25,202
1457,0.25,202
1458,0.25,193
1459,0.25,192
1460,0.25,193
1461,0.25,198
1462,0.25,197
1463,0.25,201
1464,0.25,199
1465,0.25,206
1466,0.25,200
1467,0.25,204
1468,0.25,206
1469,0.25,202
1470,0.25,196
1471,0.25,194
1472,0.25,201
1473,0.25,194
1474,0.25,198
1475,0.25,196
1476,0.25,197
1477,0.25,195
1478,0.25,198
1479,0.25,200
1480,0.25,201
1481,0.25,203
1482,0.25,201
1483,0.25,211
1484,0.25,209
1485,0.25,210
1486,0.25,214
1487,0.25,212
1488,0.25,205
1489,0.25,206
1490,0.25,209
1491,0.25,210
1492,0.25,205
1493,0.25,195
1494,0.25,191
1495,0.25,193
1496,0.25,197
1497,0.25,200
1498,0.25,202
1499,0.25,203
1500,0.25,198
1501,0.25,199
1502,0.25,199
1503,0.25,199
1504,0.25,202
1505,0.25,199
1506,0.25,204
1507,0.25,203
1508,0.25,209
1509,0.25,204
1510,0.375,113
1511,0.375,147
1512,0.375,172
1513,0.375,190
1514,0.375,209
1515,0.375,222
1516,0.375,233
1517,0.375,237
1518,0.375,239
1519,0.375,242
1520,0.375,245
1521,0.375,246
1522,0.375,246
1523,0.375,246
1524,0.375,159
1525,0.375,159
1526,0.375,170
1527,0.375,174
1528,0.375,180
1529,0.375,189
1530,0.375,197
1531,0.375,211
1532,0.375,217
1533,0.375,221
1534,0.375,223
1535,0.375,226
1536,0.375,233
1537,0.375,236
1538,0.375,218
1539,0.375,195
1540,0.375,182
1541,0.375,178
1542,0.375,175
1543,0.375,177
1544,0.375,173
1545,0.375,184
1546,0.375,194
1547,0.375,201
1548,0.375,208
1549,0.375,215
1550,0.375,217
1551,0.375,221
1552,0.375,219
1553,0.375,218
1554,0.375,212
1555,0.375,207
1556,0.375,200
1557,0.375,194
1558,0.375,195
1559,0.375,185
1560,0.375,181
1561,0.375,184
1562,0.375,191
1563,0.375,193
1564,0.375,199
1565,0.375,203
1566,0.375,212
1567,0.375,212
1568,0.375,209
1569,0.375,205
1570,0.375,203
1571,0.375,199
1572,0.375,199
1573,0.375,196
1574,0.375,196
1575,0.375,191
1576,0.375,194
1577,0.375,197
1578,0.375,208
1579,0.375,215
1580,0.375,211
1581,0.375,211
1582,0.375,213
1583,0.375,215
1584,0.375,212
1585,0.375,209
1586,0.375,206
1587,0.375,200
1588,0.375,196
1589,0.375,200
1590,0.375,197
1591,0.375,191
1592,0.375,184
1593,0.375,182
1594,0.375,187
1595,0.375,192
1596,0.375,192
1597,0.375,196
1598,0.375,194
1599,0.375,196
1600,0.375,197
1601,0.375,197
1602,0.375,202
1603,0.375,199
1604,0.375,193
1605,0.375,198
1606,0.375,193
1607,0.375,187
1608,0.375,194
1609,0.375,194
1610,0.375,193
1611,0.375,196
1612,0.375,196
1613,0.375,198
1614,0.375,201
1615,0.375,204
1616,0.375,200
1617,0.375,203
1618,0.375,199
1619,0.375,195
1620,0.375,202
1621,0.375,203
1622,0.375,195
1623,0.375,191
1624,0.375,196
1625,0.375,201
1626,0.375,205
1627,0.375,207
1628,0.375,202
1629,0.375,202
1630,0.375,202
1631,0.375,199
1632,0.375,205
1633,0.375,203
1634,0.375,199
1635,0.375,203
1636,0.375,193
1637,0.375,193
1638,0.375,183
1639,0.375,178
1640,0.375,188
1641,0.375,185
1642,0.375,188
1643,0.375,186
1644,0.375,195
1645,0.375,195
1646,0.375,191
1647,0.375,203
1648,0.375,204
1649,0.375,201
1650,0.375,208
1651,0.375,213
1652,0.375,213
1653,0.375,206
1654,0.375,199
1655,0.375,207
1656,0.375,205
1657,0.375,215
1658,0.375,204
1659,0.375,198
1660,0.375,198
1661,0.375,113
1662,0.375,147
1663,0.375,172
1664,0.375,190
1665,0.375,209
1666,0.375,222
1667,0.375,233
1668,0.375,237
1669,0.375,239
1670,0.375,242
1671,0.375,245
1672,0.375,246
1673,0.375,246
1674,0.375,246
1675,0.375,159
1676,0.375,159
1677,0.375,170
1678,0.375,174
1679,0.375,180
1680,0.375,189
1681,0.375,197
1682,0.375,211
1683,0.375,217
1684,0.375,221
1685,0.375,223
1686,0.375,226
1687,0.375,233
1688,0.375,236
1689,0.375,218
1690,0.375,195
1691,0.375,182
1692,0.375,178
1693,0.375,175
1694,0.375,177
1695,0.375,173
1696,0.375,184
1697,0.375,194
1698,0.375,201
1699,0.375,208
1700,0.375,215
1701,0.375,217
1702,0.375,221
1703,0.375,219
1704,0.375,218
1705,0.375,212
1706,0.375,207
1707,0.375,200
1708,0.375,194
1709,0.375,195
1710,0.375,185
1711,0.375,181
1712,0.375,184
1713,0.375,191
1714,0.375,193
1715,0.375,199
1716,0.375,203
1717,0.375,212
1718,0.375,212
1719,0.375,209
1720,0.375,205
1721,0.375,203
1722,0.375,199
1723,0.375,199
1724,0.375,196
1725,0.375,196
1726,0.375,191
1727,0.375,194
1728,0.375,197
1729,0.375,208
1730,0.375,215
1731,0.375,211
1732,0.375,211
1733,0.375,213
1734,0.375,215
1735,0.375,212
1736,0.375,209
1737,0.375,206
1738,0.375,200
1739,0.375,196
1740,0.375,200
1741,0.375,197
1742,0.375,191
1743,0.375,184
1744,0.375,182
1745,0.375,187
1746,0.375,192
1747,0.375,192
1748,0.375,196
1749,0.375,194
1750,0.375,196
1751,0.375,197
1752,0.375,197
1753,0.375,202
1754,0.375,199
1755,0.375,193
1756,0.375,198
1757,0.375,193
1758,0.375,187
1759,0.375,194
1760,0.375,194
1761,0.375,193
1762,0.375,196
1763,0.375,196
1764,0.375,198
1765,0.375,201
1766,0.375,204
1767,0.375,200
1768,0.375,203
1769,0.375,199
1770,0.375,195
1771,0.375,202
1772,0.375,203
1773,0.375,195
1774,0.375,191
1775,0.375,196
1776,0.375,201
1777,0.375,205
1778,0.375,207
1779,0.375,202
1780,0.375,202
1781,0.375,202
1782,0.375,199
1783,0.375,205
1784,0.375,203
1785,0.375,199
1786,0.375,203
1787,0.375,193
1788,0.375,193
1789,0.375,183
1790,0.375,178
1791,0.375,188
1792,0.375,185
1793,0.375,188
1794,0.375,186
1795,0.375,195
1796,0.375,195
1797,0.375,191
1798,0.375,203
1799,0.375,204
1800,0.375,201
1801,0.375,208
1802,0.375,213
1803,0.375,213
1804,0.375,206
1805,0.375,199
1806,0.375,207
1807,0.375,205
1808,0.375,215
1809,0.375,204
1810,0.375,198
1811,0.375,198
1812,0.375,113
1813,0.375,147
1814,0.375,172
1815,0.375,190
1816,0.375,209
1817,0.375,222
1818,0.375,233
1819,0.375,237
1820,0.375,239
1821,0.375,242
1822,0.375,245
1823,0.375,246
1824,0.375,246
1825,0.375,246
1826,0.375,159
1827,0.375,159
1828,0.375,170
1829,0.375,174
1830,0.375,180
1831,0.375,189
1832,0.375,197
1833,0.375,211
1834,0.375,217
1835,0.375,221
1836,0.375,223
1837,0.375,226
1838,0.375,233
1839,0.375,236
1840,0.375,218
1841,0.375,195
1842,0.375,182
1843,0.375,178
1844,0.375,175
1845,0.375,177
1846,0.375,173
1847,0.375,184
1848,0.375,194
1849,0.375,201
1850,0.375,208
1851,0.375,215
1852,0.375,217
1853,0.375,221
1854,0.375,219
1855,0.375,218
1856,0.375,212
1857,0.375,207
1858,0.375,200
1859,0.375,194
1860,0.375,195
1861,0.375,185
1862,0.375,181
1863,0.375,184
1864,0.375,191
1865,0.375,193
1866,0.375,199
1867,0.375,203
1868,0.375,212
1869,0.375,212
1870,0.375,209
1871,0.375,205
1872,0.375,203
1873,0.375,199
1874,0.375,199
1875,0.375,196
1876,0.375,196
1877,0.375,191
1878,0.375,194
1879,0.375,197
1880,0.375,208
1881,0.375,215
1882,0.375,211
1883,0.375,211
1884,0.375,213
1885,0.375,215
1886,0.375,212
1887,0.375,209
1888,0.375,206
1889,0.375,200
1890,0.375,196
1891,0.375,200
1892,0.375,197
1893,0.375,191
1894,0.375,184
1895,0.375,182
1896,0.375,187
1897,0.375,192
1898,0.375,192
1899,0.375,196
1900,0.375,194
1901,0.375,196
1902,0.375,197
1903,0.375,197
1904,0.375,202
1905,0.375,199
1906,0.375,193
1907,0.375,198
1908,0.375,193
1909,0.375,187
1910,0.375,194
1911,0.375,194
1912,0.375,193
1913,0.375,196
1914,0.375,196
1915,0.375,198
1916,0.375,201
1917,0.375,204
1918,0.375,200
1919,0.375,203
1920,0.375,199
1921,0.375,195
1922,0.375,202
1923,0.375,203
1924,0.375,195
1925,0.375,191
1926,0.375,196
1927,0.375,201
1928,0.375,205
1929,0.375,207
1930,0.375,202
1931,0.375,202
1932,0.375,202
1933,0.375,199
1934,0.375,205
1935,0.375,203
1936,0.375,199
1937,0.375,203
1938,0.375,193
1939,0.375,193
1940,0.375,183
1941,0.375,178
1942,0.375,188
1943,0.375,185
1944,0.375,188
1945,0.375,186
1946,0.375,195
1947,0.375,195
1948,0.375,191
1949,0.375,203
1950,0.375,204
1951,0.375,201
1952,0.375,208
1953,0.375,213
1954,0.375,213
1955,0.375,206
1956,0.375,199
1957,0.375,207
1958,0.375,205
1959,0.375,215
1960,0.375,204
1961,0.375,198
1962,0.375,198
1963,0.375,113
1964,0.375,147
1965,0.375,172
1966,0.375,190
1967,0.375,209
1968,0.375,222
1969,0.375,233
1970,0.375,237
1971,0.375,239
1972,0.375,242
1973,0.375,245
1974,0.375,246
1975,0.375,246
1976,0.375,246
1977,0.375,159
1978,0.375,159
1979,0.375,170
1980,0.375,174
1981,0.375,180
1982,0.375,189
1983,0.375,197
1984,0.375,211
1985,0.375,217
1986,0.375,221
1987,0.375,223
1988,0.375,226
1989,0.375,233
1990,0.375,236
1991,0.375,218
1992,0.375,195
1993,0.375,182
1994,0.375,178
1995,0.375,175
1996,0.375,177
1997,0.375,173
1998,0.375,184
1999,0.375,194
2000,0.375,201
2001,0.375,208
2002,0.375,215
2003,0.375,217
2004,0.375,221
2005,0.375,219
2006,0.375,218
2007,0.375,212
2008,0.375,207
2009,0.375,200
2010,0.375,194
2011,0.375,195
2012,0.375,185
2013,0.375,181
2014,0.375,184
2015,0.375,191
2016,0.375,193
2017,0.375,199
2018,0.375,203
2019,0.375,212
2020,0.375,212
2021,0.375,209
2022,0.375,205
2023,0.375,203
2024,0.375,199
2025,0.375,199
2026,0.375,196
2027,0.375,196
2028,0.375,191
2029,0.375,194
2030,0.375,197
2031,0.375,208
2032,0.375,215
2033,0.375,211
2034,0.375,211
2035,0.375,213
2036,0.375,215
2037,0.375,212
2038,0.375,209
2039,0.375,206
2040,0.375,200
2041,0.375,196
2042,0.375,200
2043,0.375,197
2044,0.375,191
2045,0.375,184
2046,0.375,182
2047,0.375,187
2048,0.375,192
2049,0.375,192
2050,0.375,196
2051,0.375,194
2052,0.375,196
2053,0.375,197
2054,0.375,197
2055,0.375,202
2056,0.375,199
2057,0.375,193
2058,0.375,198
2059,0.375,193
2060,0.375,187
2061,0.375,194
2062,0.375,194
2063,0.375,193
2064,0.375,196
2065,0.375,196
2066,0.375,198
2067,0.375,201
2068,0.375,204
2069,0.375,200
2070,0.375,203
2071,0.375,199
2072,0.375,195
2073,0.375,202
2074,0.375,203
2075,0.375,195
2076,0.375,191
2077,0.375,196
2078,0.375,201
2079,0.375,205
2080,0.375,207
2081,0.375,202
2082,0.375,202
2083,0.375,202
2084,0.375,199
2085,0.375,205
2086,0.375,203
2087,0.375,199
2088,0.375,203
2089,0.375,193
2090,0.375,193
2091,0.375,183
2092,0.375,178
2093,0.375,188
2094,0.375,185
2095,0.375,188
2096,0.375,186
2097,0.375,195
2098,0.375,195
2099,0.375,191
2100,0.375,203
2101,0.375,204
2102,0.375,201
2103,0.375,208
2104,0.375,213
2105,0.375,213
2106,0.375,206
2107,0.375,199
2108,0.375,207
2109,0.375,205
2110,0.375,215
2111,0.375,204
2112,0.375,198
2113,0.375,198
2114,0.375,113
2115,0.375,147
2116,0.375,172
2117,0.375,190
2118,0.375,209
2119,0.375,222
2120,0.375,233
2121,0.375,237
2122,0.375,239
2123,0.375,242
2124,0.375,245
2125,0.375,246
2126,0.375,246
2127,0.375,246
2128,0.375,159
2129,0.375,159
2130,0.375,170
2131,0.375,174
2132,0.375,180
2133,0.375,189
2134,0.375,197
2135,0.375,211
2136,0.375,217
2137,0.375,221
2138,0.375,223
2139,0.375,226
2140,0.375,233
2141,0.375,236
2142,0.375,218
2143,0.375,195
2144,0.375,182
2145,0.375,178
2146,0.375,175
2147,0.375,177
2148,0.375,173
2149,0.375,184
2150,0.375,194
2151,0.375,201
2152,0.375,208
2153,0.375,215
2154,0.375,217
2155,0.375,221
2156,0.375,219
2157,0.375,218
2158,0.375,212
2159,0.375,207
2160,0.375,200
2161,0.375,194
2162,0.375,195
2163,0.375,185
2164,0.375,181
2165,0.375,184
2166,0.375,191
2167,0.375,193
2168,0.375,199
2169,0.375,203
2170,0.375,212
2171,0.375,212
2172,0.375,209
2173,0.375,205
2174,0.375,203
2175,0.375,199
2176,0.375,199
2177,0.375,196
2178,0.375,196
2179,0.375,191
2180,0.375,194
2181,0.375,197
2182,0.375,208
2183,0.375,215
2184,0.375,211
2185,0.375,211
2186,0.375,213
2187,0.375,215
2188,0.375,212
2189,0.375,209
2190,0.375,206
2191,0.375,200
2192,0.375,196
2193,0.375,200
2194,0.375,197
2195,0.375,191
2196,0.375,184
2197,0.375,182
2198,0.375,187
2199,0.375,192
2200,0.375,192
2201,0.375,196
2202,0.375,194
2203,0.375,196
2204,0.375,197
2205,0.375,197
2206,0.375,202
2207,0.375,199
2208,0.375,193
2209,0.375,198
2210,0.375,193
2211,0.375,187
2212,0.375,194
2213,0.375,194
2214,0.375,193
2215,0.375,196
2216,0.375,196
2217,0.375,198
2218,0.375,201
2219,0.375,204
2220,0.375,200
2221,0.375,203
2222,0.375,199
2223,0.375,195
2224,0.375,202
2225,0.375,203
2226,0.375,195
2227,0.375,191
2228,0.375,196
2229,0.375,201
2230,0.375,205
2231,0.375,207
2232,0.375,202
2233,0.375,202
2234,0.375,202
2235,0.375,199
2236,0.375,205
2237,0.375,203
2238,0.375,199
2239,0.375,203
2240,0.375,193
2241,0.375,193
2242,0.375,183
2243,0.375,178
2244,0.375,188
2245,0.375,185
2246,0.375,188
2247,0.375,186
2248,0.375,195
2249,0.375,195
2250,0.375,191
2251,0.375,203
2252,0.375,204
2253,0.375,201
2254,0.375,208
2255,0.375,213
2256,0.375,213
2257,0.375,206
2258,0.375,199
2259,0.375,207
2260,0.375,205
2261,0.375,215
2262,0.375,204
2263,0.375,198
2264,0.375,198
2265,0.5,113
2266,0.5,147
2267,0.5,175
2268,0.5,192
2269,0.5,206
2270,0.5,214
2271,0.5,219
2272,0.5,229
2273,0.5,235
2274,0.5,236
2275,0.5,238
2276,0.5,241
2277,0.5,243
2278,0.5,246
2279,0.5,167
2280,0.5,156
2281,0.5,160
2282,0.5,171
2283,0.5,176
2284,0.5,190
2285,0.5,196
2286,0.5,196
2287,0.5,204
2288,0.5,218
2289,0.5,220
2290,0.5,226
2291,0.5,227
2292,0.5,232
2293,0.5,205
2294,0.5,196
2295,0.5,182
2296,0.5,178
2297,0.5,185
2298,0.5,182
2299,0.5,196
2300,0.5,200
2301,0.5,200
2302,0.5,201
2303,0.5,213
2304,0.5,216
2305,0.5,220
2306,0.5,218
2307,0.5,214
2308,0.5,207
2309,0.5,201
2310,0.5,197
2311,0.5,183
2312,0.5,188
2313,0.5,177
2314,0.5,184
2315,0.5,187
2316,0.5,191
2317,0.5,187
2318,0.5,186
2319,0.5,190
2320,0.5,202
2321,0.5,211
2322,0.5,217
2323,0.5,215
2324,0.5,208
2325,0.5,209
2326,0.5,198
2327,0.5,203
2328,0.5,191
2329,0.5,192
2330,0.5,188
2331,0.5,199
2332,0.5,206
2333,0.5,210
2334,0.5,204
2335,0.5,208
2336,0.5,211
2337,0.5,217
2338,0.5,214
2339,0.5,215
2340,0.5,215
2341,0.5,208
2342,0.5,209
2343,0.5,207
2344,0.5,201
2345,0.5,195
2346,0.5,188
2347,0.5,195
2348,0.5,200
2349,0.5,195
2350,0.5,195
2351,0.5,197
2352,0.5,200
2353,0.5,195
2354,0.5,196
2355,0.5,199
2356,0.5,202
2357,0.5,198
2358,0.5,199
2359,0.5,203
2360,0.5,201
2361,0.5,201
2362,0.5,203
2363,0.5,209
2364,0.5,208
2365,0.5,209
2366,0.5,204
2367,0.5,207
2368,0.5,208
2369,0.5,206
2370,0.5,200
2371,0.5,201
2372,0.5,204
2373,0.5,197
2374,0.5,200
2375,0.5,190
2376,0.5,191
2377,0.5,191
2378,0.5,189
2379,0.5,183
2380,0.5,195
2381,0.5,198
2382,0.5,200
2383,0.5,205
2384,0.5,207
2385,0.5,209
2386,0.5,210
2387,0.5,209
2388,0.5,208
2389,0.5,206
2390,0.5,200
2391,0.5,199
2392,0.5,199
2393,0.5,193
2394,0.5,191
2395,0.5,191
2396,0.5,188
2397,0.5,187
2398,0.5,190
2399,0.5,194
2400,0.5,194
2401,0.5,192
2402,0.5,200
2403,0.5,210
2404,0.5,211
2405,0.5,207
2406,0.5,215
2407,0.5,221
2408,0.5,213
2409,0.5,212
2410,0.5,208
2411,0.5,211
2412,0.5,208
2413,0.5,205
2414,0.5,199
2415,0.5,202
2416,0.5,113
2417,0.5,147
2418,0.5,175
2419,0.5,192
2420,0.5,206
2421,0.5,214
2422,0.5,219
2423,0.5,229
2424,0.5,235
2425,0.5,236
2426,0.5,238
2427,0.5,241
2428,0.5,243
2429,0.5,246
2430,0.5,167
2431,0.5,156
2432,0.5,160
2433,0.5,171
2434,0.5,176
2435,0.5,190
2436,0.5,196
2437,0.5,196
2438,0.5,204
2439,0.5,218
2440,0.5,220
2441,0.5,226
2442,0.5,227
2443,0.5,232
2444,0.5,205
2445,0.5,196
2446,0.5,182
2447,0.5,178
2448,0.5,185
2449,0.5,182
2450,0.5,196
2451,0.5,200
2452,0.5,200
2453,0.5,201
2454,0.5,213
2455,0.5,216
2456,0.5,220
2457,0.5,218
2458,0.5,214
2459,0.5,207
2460,0.5,201
2461,0.5,197
2462,0.5,183
2463,0.5,188
2464,0.5,177
2465,0.5,184
2466,0.5,187
2467,0.5,191
2468,0.5,187
2469,0.5,186
2470,0.5,190
2471,0.5,202
2472,0.5,211
2473,0.5,217
2474,0.5,215
2475,0.5,208
2476,0.5,209
2477,0.5,198
2478,0.5,203
2479,0.5,191
2480,0.5,192
2481,0.5,188
2482,0.5,199
2483,0.5,206
2484,0.5,210
2485,0.5,204
2486,0.5,208
2487,0.5,211
2488,0.5,217
2489,0.5,214
2490,0.5,215
2491,0.5,215
2492,0.5,208
2493,0.5,209
2494,0.5,207
2495,0.5,201
2496,0.5,195
2497,0.5,188
2498,0.5,195
2499,0.5,200
2500,0.5,195
2501,0.5,195
2502,0.5,197
2503,0.5,200
2504,0.5,195
2505,0.5,196
2506,0.5,199
2507,0.5,202
2508,0.5,198
2509,0.5,199
2510,0.5,203
2511,0.5,201
2512,0.5,201
2513,0.5,203
2514,0.5,209
2515,0.5,208
2516,0.5,209
2517,0.5,204
2518,0.5,207
2519,0.5,208
2520,0.5,206
2521,0.5,200
2522,0.5,201
2523,0.5,204
2524,0.5,197
2525,0.5,200
2526,0.5,190
2527,0.5,191
2528,0.5,191
2529,0.5,189
2530,0.5,183
2531,0.5,195
2532,0.5,198
2533,0.5,200
2534,0.5,205
2535,0.5,207
2536,0.5,209
2537,0.5,210
2538,0.5,209
2539,0.5,208
2540,0.5,206
2541,0.5,200
2542,0.5,199
2543,0.5,199
2544,0.5,193
2545,0.5,191
2546,0.5,191
2547,0.5,188
2548,0.5,187
2549,0.5,190
2550,0.5,194
2551,0.5,194
2552,0.5,192
2553,0.5,200
2554,0.5,210
2555,0.5,211
2556,0.5,207
2557,0.5,215
2558,0.5,221
2559,0.5,213
2560,0.5,212
2561,0.5,208
2562,0.5,211
2563,0.5,208
2564,0.5,205
2565,0.5,199
2566,0.5,202
2567,0.5,113
2568,0.5,147
2569,0.5,175
2570,0.5,192
2571,0.5,206
2572,0.5,214
2573,0.5,219
2574,0.5,229
2575,0.5,235
2576,0.5,236
2577,0.5,238
2578,0.5,241
2579,0.5,243
2580,0.5,246
2581,0.5,167
2582,0.5,156
2583,0.5,160
2584,0.5,171
2585,0.5,176
2586,0.5,190
2587,0.5,196
2588,0.5,196
2589,0.5,204
2590,0.5,218
2591,0.5,220
2592,0.5,226
2593,0.5,227
2594,0.5,232
2595,0.5,205
2596,0.5,196
2597,0.5,182
2598,0.5,178
2599,0.5,185
2600,0.5,182
2601,0.5,196
2602,0.5,200
2603,0.5,200
2604,0.5,201
2605,0.5,213
2606,0.5,216
2607,0.5,220
2608,0.5,218
2609,0.5,214
2610,0.5,207
2611,0.5,201
2612,0.5,197
2613,0.5,183
2614,0.5,188
2615,0.5,177
2616,0.5,184
2617,0.5,187
2618,0.5,191
2619,0.5,187
2620,0.5,186
2621,0.5,190
2622,0.5,202
2623,0.5,211
2624,0.5,217
2625,0.5,215
2626,0.5,208
2627,0.5,209
2628,0.5,198
2629,0.5,203
2630,0.5,191
2631,0.5,192
2632,0.5,188
2633,0.5,199
2634,0.5,206
2635,0.5,210
2636,0.5,204
2637,0.5,208
2638,0.5,211
2639,0.5,217
2640,0.5,214
2641,0.5,215
2642,0.5,215
2643,0.5,208
2644,0.5,209
2645,0.5,207
2646,0.5,201
2647,0.5,195
2648,0.5,188
2649,0.5,195
2650,0.5,200
2651,0.5,195
2652,0.5,195
2653,0.5,197
2654,0.5,200
2655,0.5,195
2656,0.5,196
2657,0.5,199
2658,0.5,202
2659,0.5,198
2660,0.5,199
2661,0.5,203
2662,0.5,201
2663,0.5,201
2664,0.5,203
2665,0.5,209
2666,0.5,208
2667,0.5,209
2668,0.5,204
2669,0.5,207
2670,0.5,208
2671,0.5,206
2672,0.5,200
2673,0.5,201
2674,0.5,204
2675,0.5,197
2676,0.5,200
2677,0.5,190
2678,0.5,191
2679,0.5,191
2680,0.5,189
2681,0.5,183
2682,0.5,195
2683,0.5,198
2684,0.5,200
2685,0.5,205
2686,0.5,207
2687,0.5,209
2688,0.5,210
2689,0.5,209
2690,0.5,208
2691,0.5,206
2692,0.5,200
2693,0.5,199
2694,0.5,199
2695,0.5,193
2696,0.5,191
2697,0.5,191
2698,0.5,188
2699,0.5,187
2700,0.5,190
2701,0.5,194
2702,0.5,194
2703,0.5,192
2704,0.5,200
2705,0.5,210
2706,0.5,211
2707,0.5,207
2708,0.5,215
2709,0.5,221
2710,0.5,213
2711,0.5,212
2712,0.5,208
2713,0.5,211
2714,0.5,208
2715,0.5,205
2716,0.5,199
2717,0.5,202
2718,0.5,113
2719,0.5,147
2720,0.5,175
2721,0.5,192
2722,0.5,206
2723,0.5,214
2724,0.5,219
2725,0.5,229
2726,0.5,235
2727,0.5,236
2728,0.5,238
2729,0.5,241
2730,0.5,243
2731,0.5,246
2732,0.5,167
2733,0.5,156
2734,0.5,160
2735,0.5,171
2736,0.5,176
2737,0.5,190
2738,0.5,196
2739,0.5,196
2740,0.5,204
2741,0.5,218
2742,0.5,220
2743,0.5,226
2744,0.5,227
2745,0.5,232
2746,0.5,205
2747,0.5,196
2748,0.5,182
2749,0.5,178
2750,0.5,185
2751,0.5,182
2752,0.5,196
2753,0.5,200
2754,0.5,200
2755,0.5,201
2756,0.5,213
2757,0.5,216
2758,0.5,220
2759,0.5,218
2760,0.5,214
2761,0.5,207
2762,0.5,201
2763,0.5,197
2764,0.5,183
2765,0.5,188
2766,0.5,177
2767,0.5,184
2768,0.5,187
2769,0.5,191
2770,0.5,187
2771,0.5,186
2772,0.5,190
2773,0.5,202
2774,0.5,211
2775,0.5,217
2776,0.5,215
2777,0.5,208
2778,0.5,209
2779,0.5,198
2780,0.5,203
2781,0.5,191
2782,0.5,192
2783,0.5,188
2784,0.5,199
2785,0.5,206
2786,0.5,210
2787,0.5,204
2788,0.5,208
2789,0.5,211
2790,0.5,217
2791,0.5,214
2792,0.5,215
2793,0.5,215
2794,0.5,208
2795,0.5,209
2796,0.5,207
2797,0.5,201
2798,0.5,195
2799,0.5,188
2800,0.5,195
2801,0.5,200
2802,0.5,195
2803,0.5,195
2804,0.5,197
2805,0.5,200
2806,0.5,195
2807,0.5,196
2808,0.5,199
2809,0.5,202
2810,0.5,198
2811,0.5,199
2812,0.5,203
2813,0.5,201
2814,0.5,201
2815,0.5,203
2816,0.5,209
2817,0.5,208
2818,0.5,209
2819,0.5,204
2820,0.5,207
2821,0.5,208
2822,0.5,206
2823,0.5,200
2824,0.5,201
2825,0.5,204
2826,0.5,197
2827,0.5,200
2828,0.5,190
2829,0.5,191
2830,0.5,191
2831,0.5,189
2832,0.5,183
2833,0.5,195
2834,0.5,198
2835,0.5,200
2836,0.5,205
2837,0.5,207
2838,0.5,209
2839,0.5,210
2840,0.5,209
2841,0.5,208
2842,0.5,206
2843,0.5,200
2844,0.5,199
2845,0.5,199
2846,0.5,193
2847,0.5,191
2848,0.5,191
2849,0.5,188
2850,0.5,187
2851,0.5,190
2852,0.5,194
2853,0.5,194
2854,0.5,192
2855,0.5,200
2856,0.5,210
2857,0.5,211
2858,0.5,207
2859,0.5,215
2860,0.5,221
2861,0.5,213
2862,0.5,212
2863,0.5,208
2864,0.5,211
2865,0.5,208
2866,0.5,205
2867,0.5,199
2868,0.5,202
2869,0.5,113
2870,0.5,147
2871,0.5,175
2872,0.5,192
2873,0.5,206
2874,0.5,214
2875,0.5,219
2876,0.5,229
2877,0.5,235
2878,0.5,236
2879,0.5,238
2880,0.5,241
2881,0.5,243
2882,0.5,246
2883,0.5,167
2884,0.5,156
2885,0.5,160
2886,0.5,171
2887,0.5,176
2888,0.5,190
2889,0.5,196
2890,0.5,196
2891,0.5,204
2892,0.5,218
2893,0.5,220
2894,0.5,226
2895,0.5,227
2896,0.5,232
2897,0.5,205
2898,0.5,196
2899,0.5,182
2900,0.5,178
2901,0.5,185
2902,0.5,182
2903,0.5,196
2904,0.5,200
2905,0.5,200
2906,0.5,201
2907,0.5,213
2908,0.5,216
2909,0.5,220
2910,0.5,218
2911,0.5,214
2912,0.5,207
2913,0.5,201
2914,0.5,197
2915,0.5,183
2916,0.5,188
2917,0.5,177
2918,0.5,184
2919,0.5,187
2920,0.5,191
2921,0.5,187
2922,0.5,186
2923,0.5,190
2924,0.5,202
2925,0.5,211
2926,0.5,217
2927,0.5,215
2928,0.5,208
2929,0.5,209
2930,0.5,198
2931,0.5,203
2932,0.5,191
2933,0.5,192
2934,0.5,188
2935,0.5,199
2936,0.5,206
2937,0.5,210
2938,0.5,204
2939,0.5,208
2940,0.5,211
2941,0.5,217
2942,0.5,214
2943,0.5,215
2944,0.5,215
2945,0.5,208
2946,0.5,209
2947,0.5,207
2948,0.5,201
2949,0.5,195
2950,0.5,188
2951,0.5,195
2952,0.5,200
2953,0.5,195
2954,0.5,195
2955,0.5,197
2956,0.5,200
2957,0.5,195
2958,0.5,196
2959,0.5,199
2960,0.5,202
2961,0.5,198
2962,0.5,199
2963,0.5,203
2964,0.5,201
2965,0.5,201
2966,0.5,203
2967,0.5,209
2968,0.5,208
2969,0.5,209
2970,0.5,204
2971,0.5,207
2972,0.5,208
2973,0.5,206
2974,0.5,200
2975,0.5,201
2976,0.5,204
2977,0.5,197
2978,0.5,200
2979,0.5,190
2980,0.5,191
2981,0.5,191
2982,0.5,189
2983,0.5,183
2984,0.5,195
2985,0.5,198
2986,0.5,200
2987,0.5,205
2988,0.5,207
2989,0.5,209
2990,0.5,210
2991,0.5,209
2992,0.5,208
2993,0.5,206
2994,0.5,200
2995,0.5,199
2996,0.5,199
2997,0.5,193
2998,0.5,191
2999,0.5,191
3000,0.5,188
3001,0.5,187
3002,0.5,190
3003,0.5,194
3004,0.5,194
3005,0.5,192
3006,0.5,200
3007,0.5,210
3008,0.5,211
3009,0.5,207
3010,0.5,215
3011,0.5,221
3012,0.5,213
3013,0.5,212
3014,0.5,208
3015,0.5,211
3016,0.5,208
3017,0.5,205
3018,0.5,199
3019,0.5,202
3020,0.625,113
3021,0.625,147
3022,0.625,168
3023,0.625,185
3024,0.625,199
3025,0.625,211
3026,0.625,220
3027,0.625,228
3028,0.625,232
3029,0.625,236
3030,0.625,240
3031,0.625,243
3032,0.625,245
3033,0.625,249
3034,0.625,161
3035,0.625,163
3036,0.625,170
3037,0.625,172
3038,0.625,175
3039,0.625,191
3040,0.625,196
3041,0.625,201
3042,0.625,212
3043,0.625,218
3044,0.625,221
3045,0.625,227
3046,0.625,232
3047,0.625,234
3048,0.625,216
3049,0.625,198
3050,0.625,183
3051,0.625,180
3052,0.625,185
3053,0.625,178
3054,0.625,185
3055,0.625,188
3056,0.625,193
3057,0.625,202
3058,0.625,213
3059,0.625,211
3060,0.625,213
3061,0.625,215
3062,0.625,215
3063,0.625,205
3064,0.625,201
3065,0.625,193
3066,0.625,181
3067,0.625,176
3068,0.625,173
3069,0.625,179
3070,0.625,184
3071,0.625,182
3072,0.625,179
3073,0.625,193
3074,0.625,194
3075,0.625,196
3076,0.625,207
3077,0.625,210
3078,0.625,209
3079,0.625,214
3080,0.625,214
3081,0.625,208
3082,0.625,203
3083,0.625,198
3084,0.625,189
3085,0.625,187
3086,0.625,189
3087,0.625,185
3088,0.625,198
3089,0.625,202
3090,0.625,197
3091,0.625,191
3092,0.625,197
3093,0.625,194
3094,0.625,198
3095,0.625,205
3096,0.625,202
3097,0.625,198
3098,0.625,196
3099,0.625,192
3100,0.625,190
3101,0.625,192
3102,0.625,182
3103,0.625,191
3104,0.625,196
3105,0.625,204
3106,0.625,207
3107,0.625,210
3108,0.625,218
3109,0.625,212
3110,0.625,211
3111,0.625,208
3112,0.625,212
3113,0.625,211
3114,0.625,212
3115,0.625,205
3116,0.625,207
3117,0.625,204
3118,0.625,195
3119,0.625,197
3120,0.625,191
3121,0.625,193
3122,0.625,189
3123,0.625,192
3124,0.625,196
3125,0.625,200
3126,0.625,191
3127,0.625,190
3128,0.625,188
3129,0.625,194
3130,0.625,190
3131,0.625,181
3132,0.625,188
3133,0.625,180
3134,0.625,188
3135,0.625,186
3136,0.625,177
3137,0.625,187
3138,0.625,189
3139,0.625,192
3140,0.625,197
3141,0.625,197
3142,0.625,198
3143,0.625,193
3144,0.625,200
3145,0.625,203
3146,0.625,206
3147,0.625,213
3148,0.625,205
3149,0.625,200
3150,0.625,206
3151,0.625,202
3152,0.625,201
3153,0.625,197
3154,0.625,204
3155,0.625,207
3156,0.625,203
3157,0.625,201
3158,0.625,203
3159,0.625,201
3160,0.625,200
3161,0.625,199
3162,0.625,193
3163,0.625,200
3164,0.625,196
3165,0.625,196
3166,0.625,200
3167,0.625,203
3168,0.625,200
3169,0.625,202
3170,0.625,206
3171,0.625,113
3172,0.625,147
3173,0.625,168
3174,0.625,185
3175,0.625,199
3176,0.625,211
3177,0.625,220
3178,0.625,228
3179,0.625,232
3180,0.625,236
3181,0.625,240
3182,0.625,243
3183,0.625,245
3184,0.625,249
3185,0.625,161
3186,0.625,163
3187,0.625,170
3188,0.625,172
3189,0.625,175
3190,0.625,191
3191,0.625,196
3192,0.625,201
3193,0.625,212
3194,0.625,218
3195,0.625,221
3196,0.625,227
3197,0.625,232
3198,0.625,234
3199,0.625,216
3200,0.625,198
3201,0.625,183
3202,0.625,180
3203,0.625,185
3204,0.625,178
3205,0.625,185
3206,0.625,188
3207,0.625,193
3208,0.625,202
3209,0.625,213
3210,0.625,211
3211,0.625,213
3212,0.625,215
3213,0.625,215
3214,0.625,205
3215,0.625,201
3216,0.625,193
3217,0.625,181
3218,0.625,176
3219,0.625,173
3220,0.625,179
3221,0.625,184
3222,0.625,182
3223,0.625,179
3224,0.625,193
3225,0.625,194
3226,0.625,196
3227,0.625,207
3228,0.625,210
3229,0.625,209
3230,0.625,214
3231,0.625,214
3232,0.625,208
3233,0.625,203
3234,0.625,198
3235,0.625,189
3236,0.625,187
3237,0.625,189
3238,0.625,185
3239,0.625,198
3240,0.625,202
3241,0.625,197
3242,0.625,191
3243,0.625,197
3244,0.625,194
3245,0.625,198
3246,0.625,205
3247,0.625,202
3248,0.625,198
3249,0.625,196
3250,0.625,192
3251,0.625,190
3252,0.625,192
3253,0.625,182
3254,0.625,191
3255,0.625,196
3256,0.625,204
3257,0.625,207
3258,0.625,210
3259,0.625,218
3260,0.625,212
3261,0.625,211
3262,0.625,208
3263,0.625,212
3264,0.625,211
3265,0.625,212
3266,0.625,205
3267,0.625,207
3268,0.625,204
3269,0.625,195
3270,0.625,197
3271,0.625,191
3272,0.625,193
3273,0.625,189
3274,0.625,192
3275,0.625,196
3276,0.625,200
3277,0.625,191
3278,0.625,190
3279,0.625,188
3280,0.625,194
3281,0.625,190
3282,0.625,181
3283,0.625,188
3284,0.625,180
3285,0.625,188
3286,0.625,186
3287,0.625,177
3288,0.625,187
3289,0.625,189
3290,0.625,192
3291,0.625,197
3292,0.625,197
3293,0.625,198
3294,0.625,193
3295,0.625,200
3296,0.625,203
3297,0.625,206
3298,0.625,213
3299,0.625,205
3300,0.625,200
3301,0.625,206
3302,0.625,202
3303,0.625,201
3304,0.625,197
3305,0.625,204
3306,0.625,207
3307,0.625,203
3308,0.625,201
3309,0.625,203
3310,0.625,201
3311,0.625,200
3312,0.625,199
3313,0.625,193
3314,0.625,200
3315,0.625,196
3316,0.625,196
3317,0.625,200
3318,0.625,203
3319,0.625,200
3320,0.625,202
3321,0.625,206
3322,0.625,113
3323,0.625,147
3324,0.625,168
3325,0.625,185
3326,0.625,199
3327,0.625,211
3328,0.625,220
3329,0.625,228
3330,0.625,232
3331,0.625,236
3332,0.625,240
3333,0.625,243
3334,0.625,245
3335,0.625,249
3336,0.625,161
3337,0.625,163
3338,0.625,170
3339,0.625,172
3340,0.625,175
3341,0.625,191
3342,0.625,196
3343,0.625,201
3344,0.625,212
3345,0.625,218
3346,0.625,221
3347,0.625,227
3348,0.625,232
3349,0.625,234
3350,0.625,216
3351,0.625,198
3352,0.625,183
3353,0.625,180
3354,0.625,185
3355,0.625,178
3356,0.625,185
3357,0.625,188
3358,0.625,193
3359,0.625,202
3360,0.625,213
3361,0.625,211
3362,0.625,213
3363,0.625,215
3364,0.625,215
3365,0.625,205
3366,0.625,201
3367,0.625,193
3368,0.625,181
3369,0.625,176
3370,0.625,173
3371,0.625,179
3372,0.625,184
3373,0.625,182
3374,0.625,179
3375,0.625,193
3376,0.625,194
3377,0.625,196
3378,0.625,207
3379,0.625,210
3380,0.625,209
3381,0.625,214
3382,0.625,214
3383,0.625,208
3384,0.625,203
3385,0.625,198
3386,0.625,189
3387,0.625,187
3388,0.625,189
3389,0.625,185
3390,0.625,198
3391,0.625,202
3392,0.625,197
3393,0.625,191
3394,0.625,197
3395,0.625,194
3396,0.625,198
3397,0.625,205
3398,0.625,202
3399,0.625,198
3400,0.625,196
3401,0.625,192
3402,0.625,190
3403,0.625,192
3404,0.625,182
3405,0.625,191
3406,0.625,196
3407,0.625,204
3408,0.625,207
3409,0.625,210
3410,0.625,218
3411,0.625,212
3412,0.625,211
3413,0.625,208
3414,0.625,212
3415,0.625,211
3416,0.625,212
3417,0.625,205
3418,0.625,207
3419,0.625,204
3420,0.625,195
3421,0.625,197
3422,0.625,191
3423,0.625,193
3424,0.625,189
3425,0.625,192
3426,0.625,196
3427,0.625,200
3428,0.625,191
3429,0.625,190
3430,0.625,188
3431,0.625,194
3432,0.625,190
3433,0.625,181
3434,0.625,188
3435,0.625,180
3436,0.625,188
3437,0.625,186
3438,0.625,177
3439,0.625,187
3440,0.625,189
3441,0.625,192
3442,0.625,197
3443,0.625,197
3444,0.625,198
3445,0.625,193
3446,0.625,200
3447,0.625,203
3448,0.625,206
3449,0.625,213
3450,0.625,205
3451,0.625,200
3452,0.625,206
3453,0.625,202
3454,0.625,201
3455,0.625,197
3456,0.625,204
3457,0.625,207
3458,0.625,203
3459,0.625,201
3460,0.625,203
3461,0.625,201
3462,0.625,200
3463,0.625,199
3464,0.625,193
3465,0.625,200
3466,0.625,196
3467,0.625,196
3468,0.625,200
3469,0.625,203
3470,0.625,200
3471,0.625,202
3472,0.625,206
3473,0.625,113
3474,0.625,147
3475,0.625,168
3476,0.625,185
3477,0.625,199
3478,0.625,211
3479,0.625,220
3480,0.625,228
3481,0.625,232
3482,0.625,236
3483,0.625,240
3484,0.625,243
3485,0.625,245
3486,0.625,249
3487,0.625,161
3488,0.625,163
3489,0.625,170
3490,0.625,172
3491,0.625,175
3492,0.625,191
3493,0.625,196
3494,0.625,201
3495,0.625,212
3496,0.625,218
3497,0.625,221
3498,0.625,227
3499,0.625,232
3500,0.625,234
3501,0.625,216
3502,0.625,198
3503,0.625,183
3504,0.625,180
3505,0.625,185
3506,0.625,178
3507,0.625,185
3508,0.625,188
3509,0.625,193
3510,0.625,202
3511,0.625,213
3512,0.625,211
3513,0.625,213
3514,0.625,215
3515,0.625,215
3516,0.625,205
3517,0.625,201
3518,0.625,193
3519,0.625,181
3520,0.625,176
3521,0.625,173
3522,0.625,179
3523,0.625,184
3524,0.625,182
3525,0.625,179
3526,0.625,193
3527,0.625,194
3528,0.625,196
3529,0.625,207
3530,0.625,210
3531,0.625,209
3532,0.625,214
3533,0.625,214
3534,0.625,208
3535,0.625,203
3536,0.625,198
3537,0.625,189
3538,0.625,187
3539,0.625,189
3540,0.625,185
3541,0.625,198
3542,0.625,202
3543,0.625,197
3544,0.625,191
3545,0.625,197
3546,0.625,194
3547,0.625,198
3548,0.625,205
3549,0.625,202
3550,0.625,198
3551,0.625,196
3552,0.625,192
3553,0.625,190
3554,0.625,192
3555,0.625,182
3556,0.625,191
3557,0.625,196
3558,0.625,204
3559,0.625,207
3560,0.625,210
3561,0.625,218
3562,0.625,212
3563,0.625,211
3564,0.625,208
3565,0.625,212
3566,0.625,211
3567,0.625,212
3568,0.625,205
3569,0.625,207
3570,0.625,204
3571,0.625,195
3572,0.625,197
3573,0.625,191
3574,0.625,193
3575,0.625,189
3576,0.625,192
3577,0.625,196
3578,0.625,200
3579,0.625,191
3580,0.625,190
3581,0.625,188
3582,0.625,194
3583,0.625,190
3584,0.625,181
3585,0.625,188
3586,0.625,180
3587,0.625,188
3588,0.625,186
3589,0.625,177
3590,0.625,187
3591,0.625,189
3592,0.625,192
3593,0.625,197
3594,0.625,197
3595,0.625,198
3596,0.625,193
3597,0.625,200
3598,0.625,203
3599,0.625,206
3600,0.625,213
3601,0.625,205
3602,0.625,200
3603,0.625,206
3604,0.625,202
3605,0.625,201
3606,0.625,197
3607,0.625,204
3608,0.625,207
3609,0.625,203
3610,0.625,201
3611,0.625,203
3612,0.625,201
3613,0.625,200
3614,0.625,199
3615,0.625,193
3616,0.625,200
3617,0.625,196
3618,0.625,196
3619,0.625,200
3620,0.625,203
3621,0.625,200
3622,0.625,202
3623,0.625,206
3624,0.625,113
3625,0.625,147
3626,0.625,168
3627,0.625,185
3628,0.625,199
3629,0.625,211
3630,0.625,220
3631,0.625,228
3632,0.625,232
3633,0.625,236
3634,0.625,240
3635,0.625,243
3636,0.625,245
3637,0.625,249
3638,0.625,161
3639,0.625,163
3640,0.625,170
3641,0.625,172
3642,0.625,175
3643,0.625,191
3644,0.625,196
3645,0.625,201
3646,0.625,212
3647,0.625,218
3648,0.625,221
3649,0.625,227
3650,0.625,232
3651,0.625,234
3652,0.625,216
3653,0.625,198
3654,0.625,183
3655,0.625,180
3656,0.625,185
3657,0.625,178
3658,0.625,185
3659,0.625,188
3660,0.625,193
3661,0.625,202
3662,0.625,213
3663,0.625,211
3664,0.625,213
3665,0.625,215
3666,0.625,215
3667,0.625,205
3668,0.625,201
3669,0.625,193
3670,0.625,181
3671,0.625,176
3672,0.625,173
3673,0.625,179
3674,0.625,184
3675,0.625,182
3676,0.625,179
3677,0.625,193
3678,0.625,194
3679,0.625,196
3680,0.625,207
3681,0.625,210
3682,0.625,209
3683,0.625,214
3684,0.625,214
3685,0.625,208
3686,0.625,203
3687,0.625,198
3688,0.625,189
3689,0.625,187
3690,0.625,189
3691,0.625,185
3692,0.625,198
3693,0.625,202
3694,0.625,197
3695,0.625,191
3696,0.625,197
3697,0.625,194
3698,0.625,198
3699,0.625,205
3700,0.625,202
3701,0.625,198
3702,0.625,196
3703,0.625,192
3704,0.625,190
3705,0.625,192
3706,0.625,182
3707,0.625,191
3708,0.625,196
3709,0.625,204
3710,0.625,207
3711,0.625,210
3712,0.625,218
3713,0.625,212
3714,0.625,211
3715,0.625,208
3716,0.625,212
3717,0.625,211
3718,0.625,212
3719,0.625,205
3720,0.625,207
3721,0.625,204
3722,0.625,195
3723,0.625,197
3724,0.625,191
3725,0.625,193
3726,0.625,189
3727,0.625,192
3728,0.625,196
3729,0.625,200
3730,0.625,191
3731,0.625,190
3732,0.625,188
3733,0.625,194
3734,0.625,190
3735,0.625,181
3736,0.625,188
3737,0.625,180
3738,0.625,188
3739,0.625,186
3740,0.625,177
3741,0.625,187
3742,0.625,189
3743,0.625,192
3744,0.625,197
3745,0.625,197
3746,0.625,198
3747,0.625,193
3748,0.625,200
3749,0.625,203
3750,0.625,206
3751,0.625,213
3752,0.625,205
3753,0.625,200
3754,0.625,206
3755,0.625,202
3756,0.625,201
3757,0.625,197
3758,0.625,204
3759,0.625,207
3760,0.625,203
3761,0.625,201
3762,0.625,203
3763,0.625,201
3764,0.625,200
3765,0.625,199
3766,0.625,193
3767,0.625,200
3768,0.625,196
3769,0.625,196
3770,0.625,200
3771,0.625,203
3772,0.625,200
3773,0.625,202
3774,0.625,206
3775,0.75,113
3776,0.75,147
3777,0.75,178
3778,0.75,193
3779,0.75,205
3780,0.75,214
3781,0.75,223
3782,0.75,230
3783,0.75,235
3784,0.75,237
3785,0.75,240
3786,0.75,244
3787,0.75,244
3788,0.75,246
3789,0.75,165
3790,0.75,157
3791,0.75,155
3792,0.75,168
3793,0.75,179
3794,0.75,187
3795,0.75,186
3796,0.75,186
3797,0.75,192
3798,0.75,203
3799,0.75,210
3800,0.75,220
3801,0.75,224
3802,0.75,231
3803,0.75,209
3804,0.75,200
3805,0.75,193
3806,0.75,186
3807,0.75,183
3808,0.75,181
3809,0.75,187
3810,0.75,193
3811,0.75,197
3812,0.75,203
3813,0.75,206
3814,0.75,205
3815,0.75,210
3816,0.75,216
3817,0.75,211
3818,0.75,207
3819,0.75,200
3820,0.75,192
3821,0.75,187
3822,0.75,193
3823,0.75,189
3824,0.75,196
3825,0.75,197
3826,0.75,196
3827,0.75,198
3828,0.75,198
3829,0.75,204
3830,0.75,199
3831,0.75,212
3832,0.75,206
3833,0.75,200
3834,0.75,199
3835,0.75,197
3836,0.75,195
3837,0.75,199
3838,0.75,192
3839,0.75,194
3840,0.75,193
3841,0.75,195
3842,0.75,189
3843,0.75,190
3844,0.75,192
3845,0.75,193
3846,0.75,197
3847,0.75,201
3848,0.75,201
3849,0.75,202
3850,0.75,199
3851,0.75,195
3852,0.75,196
3853,0.75,193
3854,0.75,193
3855,0.75,194
3856,0.75,201
3857,0.75,195
3858,0.75,204
3859,0.75,198
3860,0.75,201
3861,0.75,197
3862,0.75,199
3863,0.75,200
3864,0.75,196
3865,0.75,195
3866,0.75,196
3867,0.75,196
3868,0.75,201
3869,0.75,208
3870,0.75,202
3871,0.75,203
3872,0.75,199
3873,0.75,191
3874,0.75,190
3875,0.75,200
3876,0.75,196
3877,0.75,189
3878,0.75,191
3879,0.75,196
3880,0.75,199
3881,0.75,202
3882,0.75,200
3883,0.75,194
3884,0.75,203
3885,0.75,206
3886,0.75,201
3887,0.75,206
3888,0.75,208
3889,0.75,206
3890,0.75,206
3891,0.75,210
3892,0.75,209
3893,0.75,207
3894,0.75,201
3895,0.75,199
3896,0.75,191
3897,0.75,190
3898,0.75,189
3899,0.75,185
3900,0.75,188
3901,0.75,193
3902,0.75,188
3903,0.75,189
3904,0.75,200
3905,0.75,202
3906,0.75,204
3907,0.75,201
3908,0.75,205
3909,0.75,206
3910,0.75,200
3911,0.75,199
3912,0.75,192
3913,0.75,196
3914,0.75,192
3915,0.75,192
3916,0.75,197
3917,0.75,190
3918,0.75,184
3919,0.75,181
3920,0.75,181
3921,0.75,190
3922,0.75,188
3923,0.75,189
3924,0.75,204
3925,0.75,200
3926,0.75,113
3927,0.75,147
3928,0.75,178
3929,0.75,193
3930,0.75,205
3931,0.75,214
3932,0.75,223
3933,0.75,230
3934,0.75,235
3935,0.75,237
3936,0.75,240
3937,0.75,244
3938,0.75,244
3939,0.75,246
3940,0.75,165
3941,0.75,157
3942,0.75,155
3943,0.75,168
3944,0.75,179
3945,0.75,187
3946,0.75,186
3947,0.75,186
3948,0.75,192
3949,0.75,203
3950,0.75,210
3951,0.75,220
3952,0.75,224
3953,0.75,231
3954,0.75,209
3955,0.75,200
3956,0.75,193
3957,0.75,186
3958,0.75,183
3959,0.75,181
3960,0.75,187
3961,0.75,193
3962,0.75,197
3963,0.75,203
3964,0.75,206
3965,0.75,205
3966,0.75,210
3967,0.75,216
3968,0.75,211
3969,0.75,207
3970,0.75,200
3971,0.75,192
3972,0.75,187
3973,0.75,193
3974,0.75,189
3975,0.75,196
3976,0.75,197
3977,0.75,196
3978,0.75,198
3979,0.75,198
3980,0.75,204
3981,0.75,199
3982,0.75,212
3983,0.75,206
3984,0.75,200
3985,0.75,199
3986,0.75,197
3987,0.75,195
3988,0.75,199
3989,0.75,192
3990,0.75,194
3991,0.75,193
3992,0.75,195
3993,0.75,189
3994,0.75,190
3995,0.75,192
3996,0.75,193
3997,0.75,197
3998,0.75,201
3999,0.75,201
4000,0.75,202
4001,0.75,199
4002,0.75,195
4003,0.75,196
4004,0.75,193
4005,0.75,193
4006,0.75,194
4007,0.75,201
4008,0.75,195
4009,0.75,204
4010,0.75,198
4011,0.75,201
4012,0.75,197
4013,0.75,199
4014,0.75,200
4015,0.75,196
4016,0.75,195
4017,0.75,196
4018,0.75,196
4019,0.75,201
4020,0.75,208
4021,0.75,202
4022,0.75,203
4023,0.75,199
4024,0.75,191
4025,0.75,190
4026,0.75,200
4027,0.75,196
4028,0.75,189
4029,0.75,191
4030,0.75,196
4031,0.75,199
4032,0.75,202
4033,0.75,200
4034,0.75,194
4035,0.75,203
4036,0.75,206
4037,0.75,201
4038,0.75,206
4039,0.75,208
4040,0.75,206
4041,0.75,206
4042,0.75,210
4043,0.75,209
4044,0.75,207
4045,0.75,201
4046,0.75,199
4047,0.75,191
4048,0.75,190
4049,0.75,189
4050,0.75,185
4051,0.75,188
4052,0.75,193
4053,0.75,188
4054,0.75,189
4055,0.75,200
4056,0.75,202
4057,0.75,204
4058,0.75,201
4059,0.75,205
4060,0.75,206
4061,0.75,200
4062,0.75,199
4063,0.75,192
4064,0.75,196
4065,0.75,192
4066,0.75,192
4067,0.75,197
4068,0.75,190
4069,0.75,184
4070,0.75,181
4071,0.75,181
4072,0.75,190
4073,0.75,188
4074,0.75,189
4075,0.75,204
4076,0.75,200
4077,0.75,113
4078,0.75,147
4079,0.75,178
4080,0.75,193
4081,0.75,205
4082,0.75,214
4083,0.75,223
4084,0.75,230
4085,0.75,235
4086,0.75,237
4087,0.75,240
4088,0.75,244
4089,0.75,244
4090,0.75,246
4091,0.75,165
4092,0.75,157
4093,0.75,155
4094,0.75,168
4095,0.75,179
4096,0.75,187
4097,0.75,186
4098,0.75,186
4099,0.75,192
4100,0.75,203
4101,0.75,210
4102,0.75,220
4103,0.75,224
4104,0.75,231
4105,0.75,209
4106,0.75,200
4107,0.75,193
4108,0.75,186
4109,0.75,183
4110,0.75,181
4111,0.75,187
4112,0.75,193
4113,0.75,197
4114,0.75,203
4115,0.75,206
4116,0.75,205
4117,0.75,210
4118,0.75,216
4119,0.75,211
4120,0.75,207
4121,0.75,200
4122,0.75,192
4123,0.75,187
4124,0.75,193
4125,0.75,189
4126,0.75,196
4127,0.75,197
4128,0.75,196
4129,0.75,198
4130,0.75,198
4131,0.75,204
4132,0.75,199
4133,0.75,212
4134,0.75,206
4135,0.75,200
4136,0.75,199
4137,0.75,197
4138,0.75,195
4139,0.75,199
4140,0.75,192
4141,0.75,194
4142,0.75,193
4143,0.75,195
4144,0.75,189
4145,0.75,190
4146,0.75,192
4147,0.75,193
4148,0.75,197
4149,0.75,201
4150,0.75,201
4151,0.75,202
4152,0.75,199
4153,0.75,195
4154,0.75,196
4155,0.75,193
4156,0.75,193
4157,0.75,194
4158,0.75,201
4159,0.75,195
4160,0.75,204
4161,0.75,198
4162,0.75,201
4163,0.75,197
4164,0.75,199
4165,0.75,200
4166,0.75,196
4167,0.75,195
4168,0.75,196
4169,0.75,196
4170,0.75,201
4171,0.75,208
4172,0.75,202
4173,0.75,203
4174,0.75,199
4175,0.75,191
4176,0.75,190
4177,0.75,200
4178,0.75,196
4179,0.75,189
4180,0.75,191
4181,0.75,196
4182,0.75,199
4183,0.75,202
4184,0.75,200
4185,0.75,194
4186,0.75,203
4187,0.75,206
4188,0.75,201
4189,0.75,206
4190,0.75,208
4191,0.75,206
4192,0.75,206
4193,0.75,210
4194,0.75,209
4195,0.75,207
4196,0.75,201
4197,0.75,199
4198,0.75,191
4199,0.75,190
4200,0.75,189
4201,0.75,185
4202,0.75,188
4203,0.75,193
4204,0.75,188
4205,0.75,189
4206,0.75,200
4207,0.75,202
4208,0.75,204
4209,0.75,201
4210,0.75,205
4211,0.75,206
4212,0.75,200
4213,0.75,199
4214,0.75,192
4215,0.75,196
4216,0.75,192
4217,0.75,192
4218,0.75,197
4219,0.75,190
4220,0.75,184
4221,0.75,181
4222,0.75,181
4223,0.75,190
4224,0.75,188
4225,0.75,189
4226,0.75,204
4227,0.75,200
4228,0.75,113
4229,0.75,147
4230,0.75,178
4231,0.75,193
4232,0.75,205
4233,0.75,214
4234,0.75,223
4235,0.75,230
4236,0.75,235
4237,0.75,237
4238,0.75,240
4239,0.75,244
4240,0.75,244
4241,0.75,246
4242,0.75,165
4243,0.75,157
4244,0.75,155
4245,0.75,168
4246,0.75,179
4247,0.75,187
4248,0.75,186
4249,0.75,186
4250,0.75,192
4251,0.75,203
4252,0.75,210
4253,0.75,220
4254,0.75,224
4255,0.75,231
4256,0.75,209
4257,0.75,200
4258,0.75,193
4259,0.75,186
4260,0.75,183
4261,0.75,181
4262,0.75,187
4263,0.75,193
4264,0.75,197
4265,0.75,203
4266,0.75,206
4267,0.75,205
4268,0.75,210
4269,0.75,216
4270,0.75,211
4271,0.75,207
4272,0.75,200
4273,0.75,192
4274,0.75,187
4275,0.75,193
4276,0.75,189
4277,0.75,196
4278,0.75,197
4279,0.75,196
4280,0.75,198
4281,0.75,198
4282,0.75,204
4283,0.75,199
4284,0.75,212
4285,0.75,206
4286,0.75,200
4287,0.75,199
4288,0.75,197
4289,0.75,195
4290,0.75,199
4291,0.75,192
4292,0.75,194
4293,0.75,193
4294,0.75,195
4295,0.75,189
4296,0.75,190
4297,0.75,192
4298,0.75,193
4299,0.75,197
4300,0.75,201
4301,0.75,201
4302,0.75,202
4303,0.75,199
4304,0.75,195
4305,0.75,196
4306,0.75,193
4307,0.75,193
4308,0.75,194
4309,0.75,201
4310,0.75,195
4311,0.75,204
4312,0.75,198
4313,0.75,201
4314,0.75,197
4315,0.75,199
4316,0.75,200
4317,0.75,196
4318,0.75,195
4319,0.75,196
4320,0.75,196
4321,0.75,201
4322,0.75,208
4323,0.75,202
4324,0.75,203
4325,0.75,199
4326,0.75,191
4327,0.75,190
4328,0.75,200
4329,0.75,196
4330,0.75,189
4331,0.75,191
4332,0.75,196
4333,0.75,199
4334,0.75,202
4335,0.75,200
4336,0.75,194
4337,0.75,203
4338,0.75,206
4339,0.75,201
4340,0.75,206
4341,0.75,208
4342,0.75,206
4343,0.75,206
4344,0.75,210
4345,0.75,209
4346,0.75,207
4347,0.75,201
4348,0.75,199
4349,0.75,191
4350,0.75,190
4351,0.75,189
4352,0.75,185
4353,0.75,188
4354,0.75,193
4355,0.75,188
4356,0.75,189
4357,0.75,200
4358,0.75,202
4359,0.75,204
4360,0.75,201
4361,0.75,205
4362,0.75,206
4363,0.75,200
4364,0.75,199
4365,0.75,192
4366,0.75,196
4367,0.75,192
4368,0.75,192
4369,0.75,197
4370,0.75,190
4371,0.75,184
4372,0.75,181
4373,0.75,181
4374,0.75,190
4375,0.75,188
4376,0.75,189
4377,0.75,204
4378,0.75,200
4379,0.75,113
4380,0.75,147
4381,0.75,178
4382,0.75,193
4383,0.75,205
4384,0.75,214
4385,0.75,223
4386,0.75,230
4387,0.75,235
4388,0.75,237
4389,0.75,240
4390,0.75,244
4391,0.75,244
4392,0.75,246
4393,0.75,165
4394,0.75,157
4395,0.75,155
4396,0.75,168
4397,0.75,179
4398,0.75,187
4399,0.75,186
4400,0.75,186
4401,0.75,192
4402,0.75,203
4403,0.75,210
4404,0.75,220
4405,0.75,224
4406,0.75,231
4407,0.75,209
4408,0.75,200
4409,0.75,193
4410,0.75,186
4411,0.75,183
4412,0.75,181
4413,0.75,187
4414,0.75,193
4415,0.75,197
4416,0.75,203
4417,0.75,206
4418,0.75,205
4419,0.75,210
4420,0.75,216
4421,0.75,211
4422,0.75,207
4423,0.75,200
4424,0.75,192
4425,0.75,187
4426,0.75,193
4427,0.75,189
4428,0.75,196
4429,0.75,197
4430,0.75,196
4431,0.75,198
4432,0.75,198
4433,0.75,204
4434,0.75,199
4435,0.75,212
4436,0.75,206
4437,0.75,200
4438,0.75,199
4439,0.75,197
4440,0.75,195
4441,0.75,199
4442,0.75,192
4443,0.75,194
4444,0.75,193
4445,0.75,195
4446,0.75,189
4447,0.75,190
4448,0.75,192
4449,0.75,193
4450,0.75,197
4451,0.75,201
4452,0.75,201
4453,0.75,202
4454,0.75,199
4455,0.75,195
4456,0.75,196
4457,0.75,193
4458,0.75,193
4459,0.75,194
4460,0.75,201
4461,0.75,195
4462,0.75,204
4463,0.75,198
4464,0.75,201
4465,0.75,197
4466,0.75,199
4467,0.75,200
4468,0.75,196
4469,0.75,195
4470,0.75,196
4471,0.75,196
4472,0.75,201
4473,0.75,208
4474,0.75,202
4475,0.75,203
4476,0.75,199
4477,0.75,191
4478,0.75,190
4479,0.75,200
4480,0.75,196
4481,0.75,189
4482,0.75,191
4483,0.75,196
4484,0.75,199
4485,0.75,202
4486,0.75,200
4487,0.75,194
4488,0.75,203
4489,0.75,206
4490,0.75,201
4491,0.75,206
4492,0.75,208
4493,0.75,206
4494,0.75,206
4495,0.75,210
4496,0.75,209
4497,0.75,207
4498,0.75,201
4499,0.75,199
4500,0.75,191
4501,0.75,190
4502,0.75,189
4503,0.75,185
4504,0.75,188
4505,0.75,193
4506,0.75,188
4507,0.75,189
4508,0.75,200
4509,0.75,202
4510,0.75,204
4511,0.75,201
4512,0.75,205
4513,0.75,206
4514,0.75,200
4515,0.75,199
4516,0.75,192
4517,0.75,196
4518,0.75,192
4519,0.75,192
4520,0.75,197
4521,0.75,190
4522,0.75,184
4523,0.75,181
4524,0.75,181
4525,0.75,190
4526,0.75,188
4527,0.75,189
4528,0.75,204
4529,0.75,200
4530,0.875,113
4531,0.875,147
4532,0.875,171
4533,0.875,188
4534,0.875,203
4535,0.875,217
4536,0.875,224
4537,0.875,231
4538,0.875,234
4539,0.875,236
4540,0.875,239
4541,0.875,242
4542,0.875,243
4543,0.875,246
4544,0.875,165
4545,0.875,159
4546,0.875,164
4547,0.875,163
4548,0.875,170
4549,0.875,173
4550,0.875,183
4551,0.875,193
4552,0.875,201
4553,0.875,215
4554,0.875,221
4555,0.875,222
4556,0.875,225
4557,0.875,234
4558,0.875,215
4559,0.875,198
4560,0.875,180
4561,0.875,185
4562,0.875,178
4563,0.875,183
4564,0.875,175
4565,0.875,177
4566,0.875,183
4567,0.875,184
4568,0.875,187
4569,0.875,200
4570,0.875,207
4571,0.875,201
4572,0.875,200
4573,0.875,207
4574,0.875,207
4575,0.875,195
4576,0.875,200
4577,0.875,195
4578,0.875,198
4579,0.875,191
4580,0.875,187
4581,0.875,185
4582,0.875,184
4583,0.875,181
4584,0.875,185
4585,0.875,192
4586,0.875,198
4587,0.875,191
4588,0.875,193
4589,0.875,198
4590,0.875,193
4591,0.875,191
4592,0.875,194
4593,0.875,199
4594,0.875,196
4595,0.875,196
4596,0.875,203
4597,0.875,204
4598,0.875,202
4599,0.875,203
4600,0.875,200
4601,0.875,204
4602,0.875,203
4603,0.875,204
4604,0.875,200
4605,0.875,201
4606,0.875,199
4607,0.875,199
4608,0.875,199
4609,0.875,196
4610,0.875,192
4611,0.875,192
4612,0.875,189
4613,0.875,193
4614,0.875,192
4615,0.875,189
4616,0.875,194
4617,0.875,201
4618,0.875,203
4619,0.875,205
4620,0.875,203
4621,0.875,201
4622,0.875,202
4623,0.875,203
4624,0.875,201
4625,0.875,200
4626,0.875,205
4627,0.875,201
4628,0.875,196
4629,0.875,197
4630,0.875,190
4631,0.875,191
4632,0.875,194
4633,0.875,195
4634,0.875,198
4635,0.875,193
4636,0.875,196
4637,0.875,196
4638,0.875,199
4639,0.875,199
4640,0.875,193
4641,0.875,198
4642,0.875,205
4643,0.875,201
4644,0.875,205
4645,0.875,200
4646,0.875,199
4647,0.875,193
4648,0.875,197
4649,0.875,197
4650,0.875,195
4651,0.875,198
4652,0.875,193
4653,0.875,187
4654,0.875,196
4655,0.875,194
4656,0.875,196
4657,0.875,199
4658,0.875,195
4659,0.875,193
4660,0.875,191
4661,0.875,193
4662,0.875,194
4663,0.875,202
4664,0.875,203
4665,0.875,204
4666,0.875,206
4667,0.875,208
4668,0.875,201
4669,0.875,195
4670,0.875,192
4671,0.875,196
4672,0.875,200
4673,0.875,196
4674,0.875,196
4675,0.875,200
4676,0.875,199
4677,0.875,189
4678,0.875,189
4679,0.875,188
4680,0.875,193
4681,0.875,113
4682,0.875,147
4683,0.875,171
4684,0.875,188
4685,0.875,203
4686,0.875,217
4687,0.875,224
4688,0.875,231
4689,0.875,234
4690,0.875,236
4691,0.875,239
4692,0.875,242
4693,0.875,243
4694,0.875,246
4695,0.875,165
4696,0.875,159
4697,0.875,164
4698,0.875,163
4699,0.875,170
4700,0.875,173
4701,0.875,183
4702,0.875,193
4703,0.875,201
4704,0.875,215
4705,0.875,221
4706,0.875,222
4707,0.875,225
4708,0.875,234
4709,0.875,215
4710,0.875,198
4711,0.875,180
4712,0.875,185
4713,0.875,178
4714,0.875,183
4715,0.875,175
4716,0.875,177
4717,0.875,183
4718,0.875,184
4719,0.875,187
4720,0.875,200
4721,0.875,207
4722,0.875,201
4723,0.875,200
4724,0.875,207
4725,0.875,207
4726,0.875,195
4727,0.875,200
4728,0.875,195
4729,0.875,198
4730,0.875,191
4731,0.875,187
4732,0.875,185
4733,0.875,184
4734,0.875,181
4735,0.875,185
4736,0.875,192
4737,0.875,198
4738,0.875,191
4739,0.875,193
4740,0.875,198
4741,0.875,193
4742,0.875,191
4743,0.875,194
4744,0.875,199
4745,0.875,196
4746,0.875,196
4747,0.875,203
4748,0.875,204
4749,0.875,202
4750,0.875,203
4751,0.875,200
4752,0.875,204
4753,0.875,203
4754,0.875,204
4755,0.875,200
4756,0.875,201
4757,0.875,199
4758,0.875,199
4759,0.875,199
4760,0.875,196
4761,0.875,192
4762,0.875,192
4763,0.875,189
4764,0.875,193
4765,0.875,192
4766,0.875,189
4767,0.875,194
4768,0.875,201
4769,0.875,203
4770,0.875,205
4771,0.875,203
4772,0.875,201
4773,0.875,202
4774,0.875,203
4775,0.875,201
4776,0.875,200
4777,0.875,205
4778,0.875,201
4779,0.875,196
4780,0.875,197
4781,0.875,190
4782,0.875,191
4783,0.875,194
4784,0.875,195
4785,0.875,198
4786,0.875,193
4787,0.875,196
4788,0.875,196
4789,0.875,199
4790,0.875,199
4791,0.875,193
4792,0.875,198
4793,0.875,205
4794,0.875,201
4795,0.875,205
4796,0.875,200
4797,0.875,199
4798,0.875,193
4799,0.875,197
4800,0.875,197
4801,0.875,195
4802,0.875,198
4803,0.875,193
4804,0.875,187
4805,0.875,196
4806,0.875,194
4807,0.875,196
4808,0.875,199
4809,0.875,195
4810,0.875,193
4811,0.875,191
4812,0.875,193
4813,0.875,194
4814,0.875,202
4815,0.875,203
4816,0.875,204
4817,0.875,206
4818,0.875,208
4819,0.875,201
4820,0.875,195
4821,0.875,192
4822,0.875,196
4823,0.875,200
4824,0.875,196
4825,0.875,196
4826,0.875,200
4827,0.875,199
4828,0.875,189
4829,0.875,189
4830,0.875,188
4831,0.875,193
4832,0.875,113
4833,0.875,147
4834,0.875,171
4835,0.875,188
4836,0.875,203
4837,0.875,217
4838,0.875,224
4839,0.875,231
4840,0.875,234
4841,0.875,236
4842,0.875,239
4843,0.875,242
4844,0.875,243
4845,0.875,246
4846,0.875,165
4847,0.875,159
4848,0.875,164
4849,0.875,163
4850,0.875,170
4851,0.875,173
4852,0.875,183
4853,0.875,193
4854,0.875,201
4855,0.875,215
4856,0.875,221
4857,0.875,222
4858,0.875,225
4859,0.875,234
4860,0.875,215
4861,0.875,198
4862,0.875,180
4863,0.875,185
4864,0.875,178
4865,0.875,183
4866,0.875,175
4867,0.875,177
4868,0.875,183
4869,0.875,184
4870,0.875,187
4871,0.875,200
4872,0.875,207
4873,0.875,201
4874,0.875,200
4875,0.875,207
4876,0.875,207
4877,0.875,195
4878,0.875,200
4879,0.875,195
4880,0.875,198
4881,0.875,191
4882,0.875,187
4883,0.875,185
4884,0.875,184
4885,0.875,181
4886,0.875,185
4887,0.875,192
4888,0.875,198
4889,0.875,191
4890,0.875,193
4891,0.875,198
4892,0.875,193
4893,0.875,191
4894,0.875,194
4895,0.875,199
4896,0.875,196
4897,0.875,196
4898,0.875,203
4899,0.875,204
4900,0.875,202
4901,0.875,203
4902,0.875,200
4903,0.875,204
4904,0.875,203
4905,0.875,204
4906,0.875,200
4907,0.875,201
4908,0.875,199
4909,0.875,199
4910,0.875,199
4911,0.875,196
4912,0.875,192
4913,0.875,192
4914,0.875,189
4915,0.875,193
4916,0.875,192
4917,0.875,189
4918,0.875,194
4919,0.875,201
4920,0.875,203
4921,0.875,205
4922,0.875,203
4923,0.875,201
4924,0.875,202
4925,0.875,203
4926,0.875,201
4927,0.875,200
4928,0.875,205
4929,0.875,201
4930,0.875,196
4931,0.875,197
4932,0.875,190
4933,0.875,191
4934,0.875,194
4935,0.875,195
4936,0.875,198
4937,0.875,193
4938,0.875,196
4939,0.875,196
4940,0.875,199
4941,0.875,199
4942,0.875,193
4943,0.875,198
4944,0.875,205
4945,0.875,201
4946,0.875,205
4947,0.875,200
4948,0.875,199
4949,0.875,193
4950,0.875,197
4951,0.875,197
4952,0.875,195
4953,0.875,198
4954,0.875,193
4955,0.875,187
4956,0.875,196
4957,0.875,194
4958,0.875,196
4959,0.875,199
4960,0.875,195
4961,0.875,193
4962,0.875,191
4963,0.875,193
4964,0.875,194
4965,0.875,202
4966,0.875,203
4967,0.875,204
4968,0.875,206
4969,0.875,208
4970,0.875,201
4971,0.875,195
4972,0.875,192
4973,0.875,196
4974,0.875,200
4975,0.875,196
4976,0.875,196
4977,0.875,200
4978,0.875,199
4979,0.875,189
4980,0.875,189
4981,0.875,188
4982,0.875,193
4983,0.875,113
4984,0.875,147
4985,0.875,171
4986,0.875,188
4987,0.875,203
4988,0.875,217
4989,0.875,224
4990,0.875,231
4991,0.875,234
4992,0.875,236
4993,0.875,239
4994,0.875,242
4995,0.875,243
4996,0.875,246
4997,0.875,165
4998,0.875,159
4999,0.875,164
5000,0.875,163
5001,0.875,170
5002,0.875,173
5003,0.875,183
5004,0.875,193
5005,0.875,201
5006,0.875,215
5007,0.875,221
5008,0.875,222
5009,0.875,225
5010,0.875,234
5011,0.875,215
5012,0.875,198
5013,0.875,180
5014,0.875,185
5015,0.875,178
5016,0.875,183
5017,0.875,175
5018,0.875,177
5019,0.875,183
5020,0.875,184
5021,0.875,187
5022,0.875,200
5023,0.875,207
5024,0.875,201
5025,0.875,200
5026,0.875,207
5027,0.875,207
5028,0.875,195
5029,0.875,200
5030,0.875,195
5031,0.875,198
5032,0.875,191
5033,0.875,187
5034,0.875,185
5035,0.875,184
5036,0.875,181
5037,0.875,185
5038,0.875,192
5039,0.875,198
5040,0.875,191
5041,0.875,193
5042,0.875,198
5043,0.875,193
5044,0.875,191
5045,0.875,194
5046,0.875,199
5047,0.875,196
5048,0.875,196
5049,0.875,203
5050,0.875,204
5051,0.875,202
5052,0.875,203
5053,0.875,200
5054,0.875,204
5055,0.875,203
5056,0.875,204
5057,0.875,200
5058,0.875,201
5059,0.875,199
5060,0.875,199
5061,0.875,199
5062,0.875,196
5063,0.875,192
5064,0.875,192
5065,0.875,189
5066,0.875,193
5067,0.875,192
5068,0.875,189
5069,0.875,194
5070,0.875,201
5071,0.875,203
5072,0.875,205
5073,0.875,203
5074,0.875,201
5075,0.875,202
5076,0.875,203
5077,0.875,201
5078,0.875,200
5079,0.875,205
5080,0.875,201
5081,0.875,196
5082,0.875,197
5083,0.875,190
5084,0.875,191
5085,0.875,194
5086,0.875,195
5087,0.875,198
5088,0.875,193
5089,0.875,196
5090,0.875,196
5091,0.875,199
5092,0.875,199
5093,0.875,193
5094,0.875,198
5095,0.875,205
5096,0.875,201
5097,0.875,205
5098,0.875,200
5099,0.875,199
5100,0.875,193
5101,0.875,197
5102,0.875,197
5103,0.875,195
5104,0.875,198
5105,0.875,193
5106,0.875,187
5107,0.875,196
5108,0.875,194
5109,0.875,196
5110,0.875,199
5111,0.875,195
5112,0.875,193
5113,0.875,191
5114,0.875,193
5115,0.875,194
5116,0.875,202
5117,0.875,203
5118,0.875,204
5119,0.875,206
5120,0.875,208
5121,0.875,201
5122,0.875,195
5123,0.875,192
5124,0.875,196
5125,0.875,200
5126,0.875,196
5127,0.875,196
5128,0.875,200
5129,0.875,199
5130,0.875,189
5131,0.875,189
5132,0.875,188
5133,0.875,193
5134,0.875,113
5135,0.875,147
5136,0.875,171
5137,0.875,188
5138,0.875,203
5139,0.875,217
5140,0.875,224
5141,0.875,231
5142,0.875,234
5143,0.875,236
5144,0.875,239
5145,0.875,242
5146,0.875,243
5147,0.875,246
5148,0.875,165
5149,0.875,159
5150,0.875,164
5151,0.875,163
5152,0.875,170
5153,0.875,173
5154,0.875,183
5155,0.875,193
5156,0.875,201
5157,0.875,215
5158,0.875,221
5159,0.875,222
5160,0.875,225
5161,0.875,234
5162,0.875,215
5163,0.875,198
5164,0.875,180
5165,0.875,185
5166,0.875,178
5167,0.875,183
5168,0.875,175
5169,0.875,177
5170,0.875,183
5171,0.875,184
5172,0.875,187
5173,0.875,200
5174,0.875,207
5175,0.875,201
5176,0.875,200
5177,0.875,207
5178,0.875,207
5179,0.875,195
5180,0.875,200
5181,0.875,195
5182,0.875,198
5183,0.875,191
5184,0.875,187
5185,0.875,185
5186,0.875,184
5187,0.875,181
5188,0.875,185
5189,0.875,192
5190,0.875,198
5191,0.875,191
5192,0.875,193
5193,0.875,198
5194,0.875,193
5195,0.875,191
5196,0.875,194
5197,0.875,199
5198,0.875,196
5199,0.875,196
5200,0.875,203
5201,0.875,204
5202,0.875,202
5203,0.875,203
5204,0.875,200
5205,0.875,204
5206,0.875,203
5207,0.875,204
5208,0.875,200
5209,0.875,201
5210,0.875,199
5211,0.875,199
5212,0.875,199
5213,0.875,196
5214,0.875,192
5215,0.875,192
5216,0.875,189
5217,0.875,193
5218,0.875,192
5219,0.875,189
5220,0.875,194
5221,0.875,201
5222,0.875,203
5223,0.875,205
5224,0.875,203
5225,0.875,201
5226,0.875,202
5227,0.875,203
5228,0.875,201
5229,0.875,200
5230,0.875,205
5231,0.875,201
5232,0.875,196
5233,0.875,197
5234,0.875,190
5235,0.875,191
5236,0.875,194
5237,0.875,195
5238,0.875,198
5239,0.875,193
5240,0.875,196
5241,0.875,196
5242,0.875,199
5243,0.875,199
5244,0.875,193
5245,0.875,198
5246,0.875,205
5247,0.875,201
5248,0.875,205
5249,0.875,200
5250,0.875,199
5251,0.875,193
5252,0.875,197
5253,0.875,197
5254,0.875,195
5255,0.875,198
5256,0.875,193
5257,0.875,187
5258,0.875,196
5259,0.875,194
5260,0.875,196
5261,0.875,199
5262,0.875,195
5263,0.875,193
5264,0.875,191
5265,0.875,193
5266,0.875,194
5267,0.875,202
5268,0.875,203
5269,0.875,204
5270,0.875,206
5271,0.875,208
5272,0.875,201
5273,0.875,195
5274,0.875,192
5275,0.875,196
5276,0.875,200
5277,0.875,196
5278,0.875,196
5279,0.875,200
5280,0.875,199
5281,0.875,189
5282,0.875,189
5283,0.875,188
5284,0.875,193
5285,1.0,113
5286,1.0,147
5287,1.0,175
5288,1.0,193
5289,1.0,207
5290,1.0,216
5291,1.0,224
5292,1.0,230
5293,1.0,236
5294,1.0,239
5295,1.0,240
5296,1.0,244
5297,1.0,246
5298,1.0,248
5299,1.0,162
5300,1.0,156
5301,1.0,159
5302,1.0,164
5303,1.0,171
5304,1.0,182
5305,1.0,191
5306,1.0,200
5307,1.0,207
5308,1.0,215
5309,1.0,224
5310,1.0,228
5311,1.0,230
5312,1.0,237
5313,1.0,223
5314,1.0,203
5315,1.0,188
5316,1.0,177
5317,1.0,182
5318,1.0,176
5319,1.0,179
5320,1.0,180
5321,1.0,181
5322,1.0,185
5323,1.0,192
5324,1.0,204
5325,1.0,204
5326,1.0,204
5327,1.0,202
5328,1.0,209
5329,1.0,210
5330,1.0,211
5331,1.0,197
5332,1.0,198
5333,1.0,194
5334,1.0,196
5335,1.0,194
5336,1.0,195
5337,1.0,189
5338,1.0,179
5339,1.0,190
5340,1.0,196
5341,1.0,201
5342,1.0,202
5343,1.0,209
5344,1.0,210
5345,1.0,209
5346,1.0,205
5347,1.0,203
5348,1.0,195
5349,1.0,203
5350,1.0,199
5351,1.0,203
5352,1.0,205
5353,1.0,200
5354,1.0,197
5355,1.0,197
5356,1.0,199
5357,1.0,188
5358,1.0,193
5359,1.0,192
5360,1.0,189
5361,1.0,184
5362,1.0,190
5363,1.0,186
5364,1.0,194
5365,1.0,193
5366,1.0,197
5367,1.0,201
5368,1.0,208
5369,1.0,203
5370,1.0,195
5371,1.0,192
5372,1.0,189
5373,1.0,198
5374,1.0,203
5375,1.0,206
5376,1.0,208
5377,1.0,203
5378,1.0,198
5379,1.0,193
5380,1.0,189
5381,1.0,199
5382,1.0,200
5383,1.0,203
5384,1.0,203
5385,1.0,203
5386,1.0,210
5387,1.0,209
5388,1.0,209
5389,1.0,209
5390,1.0,201
5391,1.0,198
5392,1.0,198
5393,1.0,202
5394,1.0,205
5395,1.0,197
5396,1.0,189
5397,1.0,189
5398,1.0,194
5399,1.0,202
5400,1.0,196
5401,1.0,192
5402,1.0,192
5403,1.0,193
5404,1.0,201
5405,1.0,204
5406,1.0,206
5407,1.0,205
5408,1.0,204
5409,1.0,203
5410,1.0,202
5411,1.0,201
5412,1.0,204
5413,1.0,196
5414,1.0,198
5415,1.0,200
5416,1.0,198
5417,1.0,201
5418,1.0,197
5419,1.0,198
5420,1.0,197
5421,1.0,200
5422,1.0,194
5423,1.0,197
5424,1.0,197
5425,1.0,199
5426,1.0,194
5427,1.0,195
5428,1.0,190
5429,1.0,199
5430,1.0,202
5431,1.0,198
5432,1.0,200
5433,1.0,199
5434,1.0,200
5435,1.0,196
5436,1.0,113
5437,1.0,147
5438,1.0,175
5439,1.0,193
5440,1.0,207
5441,1.0,216
5442,1.0,224
5443,1.0,230
5444,1.0,236
5445,1.0,239
5446,1.0,240
5447,1.0,244
5448,1.0,246
5449,1.0,248
5450,1.0,162
5451,1.0,156
5452,1.0,159
5453,1.0,164
5454,1.0,171
5455,1.0,182
5456,1.0,191
5457,1.0,200
5458,1.0,207
5459,1.0,215
5460,1.0,224
5461,1.0,228
5462,1.0,230
5463,1.0,237
5464,1.0,223
5465,1.0,203
5466,1.0,188
5467,1.0,177
5468,1.0,182
5469,1.0,176
5470,1.0,179
5471,1.0,180
5472,1.0,181
5473,1.0,185
5474,1.0,192
5475,1.0,204
5476,1.0,204
5477,1.0,204
5478,1.0,202
5479,1.0,209
5480,1.0,210
5481,1.0,211
5482,1.0,197
5483,1.0,198
5484,1.0,194
5485,1.0,196
5486,1.0,194
5487,1.0,195
5488,1.0,189
5489,1.0,179
5490,1.0,190
5491,1.0,196
5492,1.0,201
5493,1.0,202
5494,1.0,209
5495,1.0,210
5496,1.0,209
5497,1.0,205
5498,1.0,203
5499,1.0,195
5500,1.0,203
5501,1.0,199
5502,1.0,203
5503,1.0,205
5504,1.0,200
5505,1.0,197
5506,1.0,197
5507,1.0,199
5508,1.0,188
5509,1.0,193
5510,1.0,192
5511,1.0,189
5512,1.0,184
5513,1.0,190
5514,1.0,186
5515,1.0,194
5516,1.0,193
5517,1.0,197
5518,1.0,201
5519,1.0,208
5520,1.0,203
5521,1.0,195
5522,1.0,192
5523,1.0,189
5524,1.0,198
5525,1.0,203
5526,1.0,206
5527,1.0,208
5528,1.0,203
5529,1.0,198
5530,1.0,193
5531,1.0,189
5532,1.0,199
5533,1.0,200
5534,1.0,203
5535,1.0,203
5536,1.0,203
5537,1.0,210
5538,1.0,209
5539,1.0,209
5540,1.0,209
5541,1.0,201
5542,1.0,198
5543,1.0,198
5544,1.0,202
5545,1.0,205
5546,1.0,197
5547,1.0,189
5548,1.0,189
5549,1.0,194
5550,1.0,202
5551,1.0,196
5552,1.0,192
5553,1.0,192
5554,1.0,193
5555,1.0,201
5556,1.0,204
5557,1.0,206
5558,1.0,205
5559,1.0,204
5560,1.0,203
5561,1.0,202
5562,1.0,201
5563,1.0,204
5564,1.0,196
5565,1.0,198
5566,1.0,200
5567,1.0,198
5568,1.0,201
5569,1.0,197
5570,1.0,198
5571,1.0,197
5572,1.0,200
5573,1.0,194
5574,1.0,197
5575,1.0,197
5576,1.0,199
5577,1.0,194
5578,1.0,195
5579,1.0,190
5580,1.0,199
5581,1.0,202
5582,1.0,198
5583,1.0,200
5584,1.0,199
5585,1.0,200
5586,1.0,196
5587,1.0,113
5588,1.0,147
5589,1.0,175
5590,1.0,193
5591,1.0,207
5592,1.0,216
5593,1.0,224
5594,1.0,230
5595,1.0,236
5596,1.0,239
5597,1.0,240
5598,1.0,244
5599,1.0,246
5600,1.0,248
5601,1.0,162
5602,1.0,156
5603,1.0,159
5604,1.0,164
5605,1.0,171
5606,1.0,182
5607,1.0,191
5608,1.0,200
5609,1.0,207
5610,1.0,215
5611,1.0,224
5612,1.0,228
5613,1.0,230
5614,1.0,237
5615,1.0,223
5616,1.0,203
5617,1.0,188
5618,1.0,177
5619,1.0,182
5620,1.0,176
5621,1.0,179
5622,1.0,180
5623,1.0,181
5624,1.0,185
5625,1.0,192
5626,1.0,204
5627,1.0,204
5628,1.0,204
5629,1.0,202
5630,1.0,209
5631,1.0,210
5632,1.0,211
5633,1.0,197
5634,1.0,198
5635,1.0,194
5636,1.0,196
5637,1.0,194
5638,1.0,195
5639,1.0,189
5640,1.0,179
5641,1.0,190
5642,1.0,196
5643,1.0,201
5644,1.0,202
5645,1.0,209
5646,1.0,210
5647,1.0,209
5648,1.0,205
5649,1.0,203
5650,1.0,195
5651,1.0,203
5652,1.0,199
5653,1.0,203
5654,1.0,205
5655,1.0,200
5656,1.0,197
5657,1.0,197
5658,1.0,199
5659,1.0,188
5660,1.0,193
5661,1.0,192
5662,1.0,189
5663,1.0,184
5664,1.0,190
5665,1.0,186
5666,1.0,194
5667,1.0,193
5668,1.0,197
5669,1.0,201
5670,1.0,208
5671,1.0,203
5672,1.0,195
5673,1.0,192
5674,1.0,189
5675,1.0,198
5676,1.0,203
5677,1.0,206
5678,1.0,208
5679,1.0,203
5680,1.0,198
5681,1.0,193
5682,1.0,189
5683,1.0,199
5684,1.0,200
5685,1.0,203
5686,1.0,203
5687,1.0,203
5688,1.0,210
5689,1.0,209
5690,1.0,209
5691,1.0,209
5692,1.0,201
5693,1.0,198
5694,1.0,198
5695,1.0,202
5696,1.0,205
5697,1.0,197
5698,1.0,189
5699,1.0,189
5700,1.0,194
5701,1.0,202
5702,1.0,196
5703,1.0,192
5704,1.0,192
5705,1.0,193
5706,1.0,201
5707,1.0,204
5708,1.0,206
5709,1.0,205
5710,1.0,204
5711,1.0,203
5712,1.0,202
5713,1.0,201
5714,1.0,204
5715,1.0,196
5716,1.0,198
5717,1.0,200
5718,1.0,198
5719,1.0,201
5720,1.0,197
5721,1.0,198
5722,1.0,197
5723,1.0,200
5724,1.0,194
5725,1.0,197
5726,1.0,197
5727,1.0,199
5728,1.0,194
5729,1.0,195
5730,1.0,190
5731,1.0,199
5732,1.0,202
5733,1.0,198
5734,1.0,200
5735,1.0,199
5736,1.0,200
5737,1.0,196
5738,1.0,113
5739,1.0,147
5740,1.0,175
5741,1.0,193
5742,1.0,207
5743,1.0,216
5744,1.0,224
5745,1.0,230
5746,1.0,236
5747,1.0,239
5748,1.0,240
5749,1.0,244
5750,1.0,246
5751,1.0,248
5752,1.0,162
5753,1.0,156
5754,1.0,159
5755,1.0,164
5756,1.0,171
5757,1.0,182
5758,1.0,191
5759,1.0,200
5760,1.0,207
5761,1.0,215
5762,1.0,224
5763,1.0,228
5764,1.0,230
5765,1.0,237
5766,1.0,223
5767,1.0,203
5768,1.0,188
5769,1.0,177
5770,1.0,182
5771,1.0,176
5772,1.0,179
5773,1.0,180
5774,1.0,181
5775,1.0,185
5776,1.0,192
5777,1.0,204
5778,1.0,204
5779,1.0,204
5780,1.0,202
5781,1.0,209
5782,1.0,210
5783,1.0,211
5784,1.0,197
5785,1.0,198
5786,1.0,194
5787,1.0,196
5788,1.0,194
5789,1.0,195
5790,1.0,189
5791,1.0,179
5792,1.0,190
5793,1.0,196
5794,1.0,201
5795,1.0,202
5796,1.0,209
5797,1.0,210
5798,1.0,209
5799,1.0,205
5800,1.0,203
5801,1.0,195
5802,1.0,203
5803,1.0,199
5804,1.0,203
5805,1.0,205
5806,1.0,200
5807,1.0,197
5808,1.0,197
5809,1.0,199
5810,1.0,188
5811,1.0,193
5812,1.0,192
5813,1.0,189
5814,1.0,184
5815,1.0,190
5816,1.0,186
5817,1.0,194
5818,1.0,193
5819,1.0,197
5820,1.0,201
5821,1.0,208
5822,1.0,203
5823,1.0,195
5824,1.0,192
5825,1.0,189
5826,1.0,198
5827,1.0,203
5828,1.0,206
5829,1.0,208
5830,1.0,203
5831,1.0,198
5832,1.0,193
5833,1.0,189
5834,1.0,199
5835,1.0,200
5836,1.0,203
5837,1.0,203
5838,1.0,203
5839,1.0,210
5840,1.0,209
5841,1.0,209
5842,1.0,209
5843,1.0,201
5844,1.0,198
5845,1.0,198
5846,1.0,202
5847,1.0,205
5848,1.0,197
5849,1.0,189
5850,1.0,189
5851,1.0,194
5852,1.0,202
5853,1.0,196
5854,1.0,192
5855,1.0,192
5856,1.0,193
5857,1.0,201
5858,1.0,204
5859,1.0,206
5860,1.0,205
5861,1.0,204
5862,1.0,203
5863,1.0,202
5864,1.0,201
5865,1.0,204
5866,1.0,196
5867,1.0,198
5868,1.0,200
5869,1.0,198
5870,1.0,201
5871,1.0,197
5872,1.0,198
5873,1.0,197
5874,1.0,200
5875,1.0,194
5876,1.0,197
5877,1.0,197
5878,1.0,199
5879,1.0,194
5880,1.0,195
5881,1.0,190
5882,1.0,199
5883,1.0,202
5884,1.0,198
5885,1.0,200
5886,1.0,199
5887,1.0,200
5888,1.0,196
5889,1.0,113
5890,1.0,147
5891,1.0,175
5892,1.0,193
5893,1.0,207
5894,1.0,216
5895,1.0,224
5896,1.0,230
5897,1.0,236
5898,1.0,239
5899,1.0,240
5900,1.0,244
5901,1.0,246
5902,1.0,248
5903,1.0,162
5904,1.0,156
5905,1.0,159
5906,1.0,164
5907,1.0,171
5908,1.0,182
5909,1.0,191
5910,1.0,200
5911,1.0,207
5912,1.0,215
5913,1.0,224
5914,1.0,228
5915,1.0,230
5916,1.0,237
5917,1.0,223
5918,1.0,203
5919,1.0,188
5920,1.0,177
5921,1.0,182
5922,1.0,176
5923,1.0,179
5924,1.0,180
5925,1.0,181
5926,1.0,185
5927,1.0,192
5928,1.0,204
5929,1.0,204
5930,1.0,204
5931,1.0,202
5932,1.0,209
5933,1.0,210
5934,1.0,211
5935,1.0,197
5936,1.0,198
5937,1.0,194
5938,1.0,196
5939,1.0,194
5940,1.0,195
5941,1.0,189
5942,1.0,179
5943,1.0,190
5944,1.0,196
5945,1.0,201
5946,1.0,202
5947,1.0,209
5948,1.0,210
5949,1.0,209
5950,1.0,205
5951,1.0,203
5952,1.0,195
5953,1.0,203
5954,1.0,199
5955,1.0,203
5956,1.0,205
5957,1.0,200
5958,1.0,197
5959,1.0,197
5960,1.0,199
5961,1.0,188
5962,1.0,193
5963,1.0,192
5964,1.0,189
5965,1.0,184
5966,1.0,190
5967,1.0,186
5968,1.0,194
5969,1.0,193
5970,1.0,197
5971,1.0,201
5972,1.0,208
5973,1.0,203
5974,1.0,195
5975,1.0,192
5976,1.0,189
5977,1.0,198
5978,1.0,203
5979,1.0,206
5980,1.0,208
5981,1.0,203
5982,1.0,198
5983,1.0,193
5984,1.0,189
5985,1.0,199
5986,1.0,200
5987,1.0,203
5988,1.0,203
5989,1.0,203
5990,1.0,210
5991,1.0,209
5992,1.0,209
5993,1.0,209
5994,1.0,201
5995,1.0,198
5996,1.0,198
5997,1.0,202
5998,1.0,205
5999,1.0,197
6000,1.0,189
6001,1.0,189
6002,1.0,194
6003,1.0,202
6004,1.0,196
6005,1.0,192
6006,1.0,192
6007,1.0,193
6008,1.0,201
6009,1.0,204
6010,1.0,206
6011,1.0,205
6012,1.0,204
6013,1.0,203
6014,1.0,202
6015,1.0,201
6016,1.0,204
6017,1.0,196
6018,1.0,198
6019,1.0,200
6020,1.0,198
6021,1.0,201
6022,1.0,197
6023,1.0,198
6024,1.0,197
6025,1.0,200
6026,1.0,194
6027,1.0,197
6028,1.0,197
6029,1.0,199
6030,1.0,194
6031,1.0,195
6032,1.0,190
6033,1.0,199
6034,1.0,202
6035,1.0,198
6036,1.0,200
6037,1.0,199
6038,1.0,200
6039,1.0,196
